estacion,hora,q_cafes_llevar_algo,q_cafes_local_algo,q_cafes_llevar_algo_leche,q_cafes_llevar_algo_otros,q_cafes_local_algo_leche,q_cafes_local_algo_otros
Olivos,0,255.0000,185.0000,218.0000,37.0000,54.0000,131.0000
Cabildo,3,48.0000,36.0000,23.0000,25.0000,16.0000,20.0000
Cabildo,20,62.0000,66.0000,21.0000,41.0000,16.0000,50.0000
Santa Rita,16,235.0000,806.0000,26.0000,209.0000,35.0000,771.0000
Parque Sarmiento,12,335.0000,704.0000,228.0000,107.0000,148.0000,556.0000
Amanecer,23,87.0000,194.0000,26.0000,61.0000,null,194.0000
Las Heras,2,146.0000,66.0000,99.0000,47.0000,22.0000,44.0000
Amanecer,2,77.0000,125.0000,29.0000,48.0000,null,125.0000
Amanecer,7,1025.0000,1271.0000,547.0000,478.0000,null,1271.0000
Gral Paz Provincia,9,3635.0000,4809.0000,2119.0000,1516.0000,2495.0000,2314.0000
Lima,17,4741.0000,5218.0000,1878.0000,2863.0000,1504.0000,3714.0000
Florencio Varela,13,170.0000,666.0000,81.0000,89.0000,353.0000,313.0000
Lima,19,3727.0000,3776.0000,1586.0000,2141.0000,1251.0000,2525.0000
San Isidro,13,309.0000,736.0000,161.0000,148.0000,211.0000,525.0000
Gral Paz Capital,23,406.0000,525.0000,340.0000,66.0000,null,525.0000
Centenera,12,152.0000,463.0000,76.0000,76.0000,231.0000,232.0000
San Isidro,3,125.0000,159.0000,64.0000,61.0000,58.0000,101.0000
Santa Rita,19,203.0000,592.0000,17.0000,186.0000,65.0000,527.0000
Villa Luro,11,1117.0000,2340.0000,561.0000,556.0000,1008.0000,1332.0000
Bonpland,14,355.0000,990.0000,172.0000,183.0000,258.0000,732.0000
San Isidro,20,174.0000,543.0000,61.0000,113.0000,139.0000,404.0000
Boulevard,7,1207.0000,1401.0000,593.0000,614.0000,506.0000,895.0000
Maipu,17,194.0000,841.0000,104.0000,90.0000,177.0000,664.0000
DISC Caraffa,9,293.0000,727.0000,42.0000,251.0000,282.0000,445.0000
Zarate Brazo Largo,14,149.0000,211.0000,126.0000,23.0000,6.0000,205.0000
Lima,8,5841.0000,8420.0000,3441.0000,2400.0000,4384.0000,4036.0000
Amanecer,10,764.0000,1242.0000,358.0000,406.0000,null,1242.0000
Gral Paz Capital,15,757.0000,1663.0000,486.0000,271.0000,null,1663.0000
Santa Fe,15,83.0000,41.0000,34.0000,49.0000,9.0000,32.0000
Boulevard,23,null,null,null,null,null,null
Anchorena,22,null,null,null,null,null,null
DISC Echeverria,2,null,42.0000,null,null,null,42.0000
Alberdi,1,null,30.0000,null,null,null,30.0000
Mitre,20,null,null,null,null,null,null
Trelles,4,128.0000,99.0000,85.0000,43.0000,48.0000,51.0000
Centenera,4,81.0000,52.0000,49.0000,32.0000,21.0000,31.0000
Gral Paz Capital,3,915.0000,467.0000,789.0000,126.0000,null,467.0000
Bonpland,13,360.0000,1131.0000,193.0000,167.0000,389.0000,742.0000
El Club,7,1885.0000,3443.0000,1160.0000,725.0000,1841.0000,1602.0000
Pilar,22,149.0000,175.0000,36.0000,113.0000,67.0000,108.0000
La Bandera,19,173.0000,879.0000,127.0000,46.0000,139.0000,740.0000
Rosario Sur,8,null,null,null,null,null,null
Congreso,1,139.0000,123.0000,32.0000,107.0000,31.0000,92.0000
Parque Sarmiento,16,477.0000,973.0000,147.0000,330.0000,193.0000,780.0000
Alsina,6,669.0000,903.0000,244.0000,425.0000,400.0000,503.0000
Cabildo,6,227.0000,170.0000,147.0000,80.0000,113.0000,57.0000
Ovidio Lagos,16,209.0000,903.0000,69.0000,140.0000,106.0000,797.0000
Emilio Castro,8,1029.0000,767.0000,529.0000,500.0000,317.0000,450.0000
Alvear,15,428.0000,1999.0000,178.0000,250.0000,630.0000,1369.0000
Santa Rita,11,311.0000,849.0000,36.0000,275.0000,73.0000,776.0000
Zarate,14,183.0000,144.0000,112.0000,71.0000,63.0000,81.0000
Quilmes,2,129.0000,148.0000,54.0000,75.0000,45.0000,103.0000
Buen Ayre,2,261.0000,284.0000,112.0000,149.0000,88.0000,196.0000
Dialogos,20,196.0000,272.0000,130.0000,66.0000,115.0000,157.0000
Maipu,7,477.0000,734.0000,281.0000,196.0000,248.0000,486.0000
Maschwitz,20,null,51.0000,null,null,null,51.0000
Centenera,19,83.0000,167.0000,39.0000,44.0000,80.0000,87.0000
Cabildo,10,308.0000,292.0000,214.0000,94.0000,129.0000,163.0000
Laferrere,4,200.0000,190.0000,90.0000,110.0000,93.0000,97.0000
Olivos,22,136.0000,172.0000,126.0000,10.0000,59.0000,113.0000
Buen Ayre,11,1430.0000,2802.0000,843.0000,587.0000,1199.0000,1603.0000
Maipu,0,111.0000,252.0000,67.0000,44.0000,40.0000,212.0000
Garay,13,288.0000,663.0000,146.0000,142.0000,140.0000,523.0000
Parque Sarmiento,3,161.0000,41.0000,153.0000,8.0000,5.0000,36.0000
Zarate,7,1740.0000,618.0000,1334.0000,406.0000,369.0000,249.0000
Santa Rita,7,605.0000,1061.0000,92.0000,513.0000,193.0000,868.0000
Santa Rita,0,125.0000,163.0000,12.0000,113.0000,16.0000,147.0000
Laferrere,18,159.0000,567.0000,114.0000,45.0000,291.0000,276.0000
Laferrere,19,116.0000,461.0000,78.0000,38.0000,244.0000,217.0000
Emilio Castro,18,174.0000,313.0000,84.0000,90.0000,93.0000,220.0000
La Carmela,3,176.0000,157.0000,103.0000,73.0000,73.0000,84.0000
Congreso,21,148.0000,164.0000,48.0000,100.0000,31.0000,133.0000
Zarate Brazo Largo,8,829.0000,910.0000,677.0000,152.0000,45.0000,865.0000
Zarate Brazo Largo,6,789.0000,638.0000,647.0000,142.0000,39.0000,599.0000
Alberdi,2,null,56.0000,null,null,null,56.0000
Gutierrez,15,162.0000,448.0000,56.0000,106.0000,123.0000,325.0000
AUBASA LP-BA,17,2111.0000,4300.0000,1010.0000,1101.0000,1937.0000,2363.0000
AUBASA LP-BA,21,454.0000,500.0000,195.0000,259.0000,154.0000,346.0000
Disc Panamericana,16,31.0000,34.0000,6.0000,25.0000,2.0000,32.0000
Disc Panamericana,2,1.0000,null,null,1.0000,null,null
Rivadavia,22,null,null,null,null,null,null
Parque Sarmiento,8,1749.0000,1532.0000,1219.0000,530.0000,437.0000,1095.0000
Alsina,14,221.0000,473.0000,54.0000,167.0000,144.0000,329.0000
Ovidio Lagos,23,67.0000,200.0000,26.0000,41.0000,37.0000,163.0000
Luis Viale,20,141.0000,512.0000,45.0000,96.0000,117.0000,395.0000
Mitre,6,null,null,null,null,null,null
Arroyo Seco,22,1067.0000,762.0000,474.0000,593.0000,340.0000,422.0000
Maipu,18,178.0000,670.0000,95.0000,83.0000,144.0000,526.0000
Disc Panamericana,21,3.0000,6.0000,null,3.0000,null,6.0000
Libertador,7,1401.0000,1772.0000,818.0000,583.0000,909.0000,863.0000
El Club,20,302.0000,969.0000,152.0000,150.0000,362.0000,607.0000
AUBASA BA-LP,5,1703.0000,1055.0000,965.0000,738.0000,567.0000,488.0000
Congreso,23,120.0000,124.0000,44.0000,76.0000,29.0000,95.0000
Olivos,6,1735.0000,1300.0000,1648.0000,87.0000,752.0000,548.0000
Santa Rita,21,83.0000,162.0000,8.0000,75.0000,8.0000,154.0000
Quilmes,9,1379.0000,2007.0000,726.0000,653.0000,962.0000,1045.0000
Zarate Brazo Largo,23,108.0000,91.0000,88.0000,20.0000,5.0000,86.0000
Anchorena,3,null,null,null,null,null,null
Bulnes,4,null,null,null,null,null,null
Arroyo Seco,11,4794.0000,6166.0000,2429.0000,2365.0000,2267.0000,3899.0000
Trelles,11,331.0000,773.0000,202.0000,129.0000,269.0000,504.0000
Olivos,20,140.0000,320.0000,116.0000,24.0000,118.0000,202.0000
La Carmela,22,107.0000,106.0000,47.0000,60.0000,36.0000,70.0000
Olivos,14,174.0000,420.0000,132.0000,42.0000,126.0000,294.0000
America,1,111.0000,176.0000,40.0000,71.0000,null,176.0000
Cabildo,19,115.0000,96.0000,51.0000,64.0000,33.0000,63.0000
Gutierrez,22,73.0000,103.0000,23.0000,50.0000,34.0000,69.0000
Congreso,14,306.0000,640.0000,130.0000,176.0000,96.0000,544.0000
Villa Luro,14,340.0000,1000.0000,136.0000,204.0000,305.0000,695.0000
Rosario Sur,16,null,null,null,null,null,null
Maschwitz,15,null,118.0000,null,null,null,118.0000
Gral Paz Provincia,16,1114.0000,2012.0000,465.0000,649.0000,702.0000,1310.0000
America,21,91.0000,165.0000,30.0000,61.0000,null,165.0000
Disc Panamericana,7,117.0000,41.0000,9.0000,108.0000,null,41.0000
DISC Caraffa,10,153.0000,618.0000,16.0000,137.0000,224.0000,394.0000
Quilmes,22,79.0000,122.0000,33.0000,46.0000,36.0000,86.0000
Villa Luro,0,233.0000,450.0000,67.0000,166.0000,112.0000,338.0000
Zarate,5,4.0000,4.0000,4.0000,null,1.0000,3.0000
Emilio Castro,9,719.0000,692.0000,372.0000,347.0000,257.0000,435.0000
Villa Luro,9,2080.0000,3389.0000,1134.0000,946.0000,1899.0000,1490.0000
Olivos,1,227.0000,156.0000,204.0000,23.0000,46.0000,110.0000
Lima,5,2403.0000,1498.0000,1323.0000,1080.0000,738.0000,760.0000
El Arco,10,1088.0000,2710.0000,668.0000,420.0000,1220.0000,1490.0000
Santa Rita,2,99.0000,105.0000,13.0000,86.0000,13.0000,92.0000
Parque Sarmiento,20,256.0000,339.0000,46.0000,210.0000,62.0000,277.0000
Amanecer,15,194.0000,557.0000,68.0000,126.0000,null,557.0000
Rosario Sur,9,null,null,null,null,null,null
America,6,910.0000,533.0000,490.0000,420.0000,null,533.0000
Las Heras,17,544.0000,520.0000,336.0000,208.0000,195.0000,325.0000
Emilio Castro,5,403.0000,391.0000,174.0000,229.0000,243.0000,148.0000
Maschwitz,4,null,123.0000,null,null,null,123.0000
Del Tejar,3,147.0000,120.0000,89.0000,58.0000,41.0000,79.0000
Gral Paz Provincia,18,1497.0000,2888.0000,879.0000,618.0000,1444.0000,1444.0000
Rosario Sur,18,null,null,null,null,null,null
Bonpland,12,475.0000,1447.0000,243.0000,232.0000,499.0000,948.0000
Congreso,6,1139.0000,599.0000,486.0000,653.0000,114.0000,485.0000
Anchorena,10,null,null,null,null,null,null
La Bandera,23,null,null,null,null,null,null
Del Tejar,5,287.0000,369.0000,199.0000,88.0000,107.0000,262.0000
Parque Sarmiento,17,723.0000,1211.0000,244.0000,479.0000,282.0000,929.0000
Alberdi,21,null,37.0000,null,null,null,37.0000
Zarate,23,103.0000,55.0000,57.0000,46.0000,8.0000,47.0000
Zarate,2,111.0000,48.0000,60.0000,51.0000,4.0000,44.0000
Dialogos,21,85.0000,141.0000,39.0000,46.0000,63.0000,78.0000
AUBASA BA-LP,22,436.0000,500.0000,107.0000,329.0000,140.0000,360.0000
Bulnes,6,69.0000,85.0000,41.0000,28.0000,34.0000,51.0000
AUBASA LP-BA,4,859.0000,287.0000,414.0000,445.0000,100.0000,187.0000
DISC Echeverria,13,null,25.0000,null,null,null,25.0000
Olivos,12,239.0000,464.0000,208.0000,31.0000,154.0000,310.0000
Mitre,1,null,null,null,null,null,null
Libertador,12,336.0000,828.0000,169.0000,167.0000,283.0000,545.0000
Lima,14,1791.0000,2037.0000,499.0000,1292.0000,335.0000,1702.0000
Centenera,0,30.0000,29.0000,11.0000,19.0000,5.0000,24.0000
Quilmes,23,116.0000,147.0000,53.0000,63.0000,38.0000,109.0000
Maschwitz,0,null,31.0000,null,null,null,31.0000
Laferrere,10,480.0000,1020.0000,288.0000,192.0000,503.0000,517.0000
Alberdi,13,null,61.0000,null,null,null,61.0000
America,15,248.0000,545.0000,82.0000,166.0000,null,545.0000
Los Incas,8,1101.0000,17.0000,954.0000,147.0000,null,17.0000
Gral Paz Capital,7,3972.0000,2719.0000,2283.0000,1689.0000,null,2719.0000
Rivadavia,11,null,null,null,null,null,null
Bonpland,22,158.0000,538.0000,96.0000,62.0000,158.0000,380.0000
Laferrere,2,118.0000,182.0000,44.0000,74.0000,54.0000,128.0000
Emilio Castro,6,928.0000,440.0000,426.0000,502.0000,243.0000,197.0000
Floresta,2,101.0000,151.0000,27.0000,74.0000,33.0000,118.0000
Rivadavia,6,null,null,null,null,null,null
La Bandera,3,null,null,null,null,null,null
Gral Paz Capital,17,1529.0000,2278.0000,983.0000,546.0000,null,2278.0000
Arroyo Seco,21,1483.0000,1132.0000,678.0000,805.0000,433.0000,699.0000
Floresta,13,92.0000,297.0000,35.0000,57.0000,108.0000,189.0000
Lima,7,5697.0000,6671.0000,3287.0000,2410.0000,3670.0000,3001.0000
Emilio Castro,13,140.0000,260.0000,51.0000,89.0000,89.0000,171.0000
Olivos,13,171.0000,438.0000,159.0000,12.0000,137.0000,301.0000
La Bandera,0,null,null,null,null,null,null
America,9,884.0000,1212.0000,487.0000,397.0000,null,1212.0000
San Isidro,17,666.0000,1725.0000,191.0000,475.0000,336.0000,1389.0000
Maschwitz,12,null,116.0000,null,null,null,116.0000
Zarate Brazo Largo,11,385.0000,410.0000,320.0000,65.0000,6.0000,404.0000
Dialogos,2,12.0000,7.0000,11.0000,1.0000,4.0000,3.0000
Emilio Castro,1,99.0000,60.0000,45.0000,54.0000,22.0000,38.0000
Del Tejar,20,185.0000,337.0000,125.0000,60.0000,104.0000,233.0000
America,19,194.0000,547.0000,62.0000,132.0000,null,547.0000
La Carmela,14,158.0000,195.0000,72.0000,86.0000,52.0000,143.0000
Santa Fe,16,127.0000,73.0000,55.0000,72.0000,14.0000,59.0000
AUBASA BA-LP,21,484.0000,511.0000,164.0000,320.0000,152.0000,359.0000
Los Incas,10,962.0000,31.0000,850.0000,112.0000,null,31.0000
Del Tejar,18,597.0000,1087.0000,358.0000,239.0000,423.0000,664.0000
DISC Echeverria,11,null,59.0000,null,null,null,59.0000
Santa Rita,17,294.0000,947.0000,19.0000,275.0000,80.0000,867.0000
Alberdi,9,null,146.0000,null,null,null,146.0000
Alvear,1,260.0000,836.0000,113.0000,147.0000,227.0000,609.0000
Gutierrez,3,119.0000,115.0000,67.0000,52.0000,45.0000,70.0000
AUBASA BA-LP,2,450.0000,448.0000,149.0000,301.0000,147.0000,301.0000
Luis Viale,12,306.0000,913.0000,66.0000,240.0000,217.0000,696.0000
Rosario Sur,20,null,null,null,null,null,null
Ovidio Lagos,0,82.0000,220.0000,25.0000,57.0000,43.0000,177.0000
Mitre,22,null,null,null,null,null,null
Buen Ayre,7,2780.0000,3134.0000,2014.0000,766.0000,1791.0000,1343.0000
Centenera,10,584.0000,889.0000,283.0000,301.0000,337.0000,552.0000
Fisherton,13,184.0000,1237.0000,55.0000,129.0000,null,1237.0000
Alvear,0,282.0000,902.0000,99.0000,183.0000,192.0000,710.0000
Amanecer,13,150.0000,459.0000,63.0000,87.0000,null,459.0000
Congreso,8,1495.0000,1173.0000,745.0000,750.0000,300.0000,873.0000
AUBASA LP-BA,16,1627.0000,3350.0000,750.0000,877.0000,1275.0000,2075.0000
DISC Caraffa,18,33.0000,199.0000,5.0000,28.0000,54.0000,145.0000
Alberdi,16,null,78.0000,null,null,null,78.0000
El Arco,4,null,null,null,null,null,null
El Club,15,512.0000,2046.0000,255.0000,257.0000,611.0000,1435.0000
Alvear,9,1409.0000,4535.0000,831.0000,578.0000,2253.0000,2282.0000
Florencio Varela,23,108.0000,141.0000,30.0000,78.0000,10.0000,131.0000
Luis Viale,23,95.0000,235.0000,27.0000,68.0000,20.0000,215.0000
Boulevard,1,null,null,null,null,null,null
Buen Ayre,16,1067.0000,2435.0000,581.0000,486.0000,966.0000,1469.0000
Bonpland,17,733.0000,2219.0000,418.0000,315.0000,995.0000,1224.0000
Emilio Castro,7,1174.0000,745.0000,599.0000,575.0000,244.0000,501.0000
La Carmela,10,723.0000,688.0000,392.0000,331.0000,271.0000,417.0000
Pilar,6,1226.0000,709.0000,797.0000,429.0000,288.0000,421.0000
Emilio Castro,14,134.0000,199.0000,38.0000,96.0000,35.0000,164.0000
Centenera,16,131.0000,411.0000,61.0000,70.0000,148.0000,263.0000
Disc Panamericana,13,15.0000,20.0000,null,15.0000,null,20.0000
La Bandera,17,258.0000,1781.0000,193.0000,65.0000,321.0000,1460.0000
Buen Ayre,10,2368.0000,4148.0000,1586.0000,782.0000,2114.0000,2034.0000
Anchorena,9,null,null,null,null,null,null
Villa Luro,6,1384.0000,1647.0000,722.0000,662.0000,911.0000,736.0000
Bulnes,7,145.0000,722.0000,98.0000,47.0000,198.0000,524.0000
Alberdi,0,null,39.0000,null,null,null,39.0000
Las Heras,9,1065.0000,719.0000,714.0000,351.0000,340.0000,379.0000
Zarate Brazo Largo,22,133.0000,133.0000,102.0000,31.0000,4.0000,129.0000
AUBASA LP-BA,1,528.0000,429.0000,194.0000,334.0000,94.0000,335.0000
Gral Paz Provincia,21,400.0000,517.0000,179.0000,221.0000,190.0000,327.0000
San Isidro,21,86.0000,224.0000,21.0000,65.0000,43.0000,181.0000
Luis Viale,0,144.0000,256.0000,29.0000,115.0000,39.0000,217.0000
Los Incas,11,538.0000,12.0000,445.0000,93.0000,null,12.0000
Congreso,11,695.0000,1139.0000,352.0000,343.0000,239.0000,900.0000
Alsina,22,170.0000,359.0000,23.0000,147.0000,26.0000,333.0000
DISC Caraffa,12,34.0000,289.0000,2.0000,32.0000,69.0000,220.0000
Trelles,19,214.0000,310.0000,117.0000,97.0000,140.0000,170.0000
Del Tejar,22,91.0000,137.0000,56.0000,35.0000,26.0000,111.0000
Congreso,16,487.0000,1084.0000,175.0000,312.0000,121.0000,963.0000
Quilmes,11,478.0000,1323.0000,233.0000,245.0000,557.0000,766.0000
Villa Allende,14,126.0000,453.0000,52.0000,74.0000,54.0000,399.0000
La Bandera,4,null,null,null,null,null,null
San Isidro,16,514.0000,1356.0000,116.0000,398.0000,201.0000,1155.0000
Alvear,22,197.0000,727.0000,71.0000,126.0000,213.0000,514.0000
Villa Luro,10,1711.0000,3080.0000,875.0000,836.0000,1502.0000,1578.0000
Del Tejar,19,372.0000,634.0000,245.0000,127.0000,247.0000,387.0000
Boulevard,13,186.0000,697.0000,77.0000,109.0000,163.0000,534.0000
La Carmela,8,1575.0000,1218.0000,952.0000,623.0000,590.0000,628.0000
Cabildo,12,132.0000,176.0000,90.0000,42.0000,59.0000,117.0000
Alsina,0,135.0000,295.0000,19.0000,116.0000,54.0000,241.0000
Las Heras,4,159.0000,74.0000,126.0000,33.0000,33.0000,41.0000
Fisherton,15,297.0000,1670.0000,34.0000,263.0000,null,1670.0000
America,11,388.0000,999.0000,201.0000,187.0000,null,999.0000
Quilmes,18,418.0000,1038.0000,217.0000,201.0000,481.0000,557.0000
Ovidio Lagos,9,658.0000,1856.0000,173.0000,485.0000,309.0000,1547.0000
Quilmes,21,85.0000,111.0000,37.0000,48.0000,35.0000,76.0000
La Bandera,12,182.0000,1370.0000,131.0000,51.0000,213.0000,1157.0000
Emilio Castro,12,214.0000,275.0000,89.0000,125.0000,92.0000,183.0000
Dialogos,9,1604.0000,2055.0000,1007.0000,597.0000,1122.0000,933.0000
Parque Sarmiento,6,929.0000,729.0000,621.0000,308.0000,180.0000,549.0000
Rosario Sur,2,null,null,null,null,null,null
Floresta,6,760.0000,985.0000,299.0000,461.0000,464.0000,521.0000
Rivadavia,16,null,null,null,null,null,null
Los Incas,5,192.0000,3.0000,147.0000,45.0000,1.0000,2.0000
Buen Ayre,19,842.0000,1927.0000,496.0000,346.0000,855.0000,1072.0000
Floresta,20,86.0000,297.0000,12.0000,74.0000,99.0000,198.0000
Gral Paz Capital,12,879.0000,1523.0000,488.0000,391.0000,null,1523.0000
Floresta,18,238.0000,568.0000,54.0000,184.0000,168.0000,400.0000
La Bandera,16,194.0000,1195.0000,146.0000,48.0000,215.0000,980.0000
Laferrere,21,40.0000,155.0000,24.0000,16.0000,76.0000,79.0000
Olivos,17,484.0000,963.0000,391.0000,93.0000,368.0000,595.0000
Maipu,15,146.0000,479.0000,83.0000,63.0000,81.0000,398.0000
La Carmela,18,427.0000,394.0000,248.0000,179.0000,152.0000,242.0000
Cabildo,4,71.0000,39.0000,42.0000,29.0000,25.0000,14.0000
Gral Paz Capital,20,675.0000,826.0000,414.0000,261.0000,null,826.0000
Emilio Castro,19,155.0000,204.0000,67.0000,88.0000,43.0000,161.0000
Centenera,15,90.0000,262.0000,25.0000,65.0000,68.0000,194.0000
Luis Viale,13,201.0000,755.0000,43.0000,158.0000,195.0000,560.0000
Bulnes,12,110.0000,502.0000,73.0000,37.0000,139.0000,363.0000
Fisherton,8,1800.0000,5411.0000,871.0000,929.0000,null,5411.0000
Pilar,4,290.0000,299.0000,134.0000,156.0000,223.0000,76.0000
Maipu,5,213.0000,202.0000,158.0000,55.0000,61.0000,141.0000
Luis Viale,2,159.0000,239.0000,46.0000,113.0000,40.0000,199.0000
Garay,12,371.0000,971.0000,210.0000,161.0000,283.0000,688.0000
DISC Caraffa,14,14.0000,120.0000,2.0000,12.0000,13.0000,107.0000
Luis Viale,5,395.0000,340.0000,107.0000,288.0000,82.0000,258.0000
Amanecer,6,733.0000,1374.0000,416.0000,317.0000,null,1374.0000
El Arco,21,136.0000,280.0000,68.0000,68.0000,71.0000,209.0000
Lima,1,1322.0000,904.0000,439.0000,883.0000,267.0000,637.0000
Mitre,16,null,null,null,null,null,null
Trelles,18,309.0000,416.0000,169.0000,140.0000,171.0000,245.0000
Gutierrez,11,268.0000,549.0000,116.0000,152.0000,246.0000,303.0000
Disc Panamericana,6,71.0000,30.0000,3.0000,68.0000,null,30.0000
Bonpland,6,802.0000,1447.0000,550.0000,252.0000,844.0000,603.0000
Garay,0,95.0000,150.0000,33.0000,62.0000,36.0000,114.0000
Quilmes,3,156.0000,153.0000,77.0000,79.0000,79.0000,74.0000
America,5,394.0000,382.0000,158.0000,236.0000,null,382.0000
Garay,7,1118.0000,1312.0000,683.0000,435.0000,520.0000,792.0000
Alberdi,20,null,36.0000,null,null,null,36.0000
Villa Luro,2,166.0000,381.0000,61.0000,105.0000,144.0000,237.0000
Garay,1,133.0000,164.0000,55.0000,78.0000,27.0000,137.0000
AUBASA BA-LP,1,523.0000,595.0000,193.0000,330.0000,140.0000,455.0000
Alvear,12,459.0000,1826.0000,231.0000,228.0000,612.0000,1214.0000
Zarate Brazo Largo,13,154.0000,211.0000,117.0000,37.0000,26.0000,185.0000
Libertador,10,1111.0000,1940.0000,557.0000,554.0000,842.0000,1098.0000
San Isidro,18,563.0000,1569.0000,150.0000,413.0000,278.0000,1291.0000
Zarate,16,332.0000,209.0000,225.0000,107.0000,99.0000,110.0000
Olivos,5,529.0000,315.0000,507.0000,22.0000,223.0000,92.0000
Laferrere,6,734.0000,803.0000,440.0000,294.0000,507.0000,296.0000
Santa Rita,8,516.0000,1133.0000,83.0000,433.0000,215.0000,918.0000
Gutierrez,8,869.0000,1022.0000,455.0000,414.0000,508.0000,514.0000
Gral Paz Provincia,1,552.0000,730.0000,198.0000,354.0000,206.0000,524.0000
Arroyo Seco,13,1848.0000,2637.0000,774.0000,1074.0000,604.0000,2033.0000
DISC Echeverria,0,null,84.0000,null,null,null,84.0000
Luis Viale,19,214.0000,720.0000,101.0000,113.0000,225.0000,495.0000
Arroyo Seco,18,6223.0000,6879.0000,3048.0000,3175.0000,2671.0000,4208.0000
Santa Rita,12,169.0000,605.0000,12.0000,157.0000,52.0000,553.0000
Rosario Sur,22,null,null,null,null,null,null
El Club,3,167.0000,245.0000,67.0000,100.0000,68.0000,177.0000
DISC Caraffa,2,null,null,null,null,null,null
Mitre,2,null,null,null,null,null,null
Mitre,5,null,null,null,null,null,null
Alberdi,14,null,49.0000,null,null,null,49.0000
Rivadavia,8,null,null,null,null,null,null
Los Incas,17,264.0000,9.0000,195.0000,69.0000,null,9.0000
Maipu,10,324.0000,899.0000,194.0000,130.0000,310.0000,589.0000
Boulevard,16,284.0000,1289.0000,151.0000,133.0000,358.0000,931.0000
Trelles,1,132.0000,131.0000,65.0000,67.0000,28.0000,103.0000
Trelles,6,557.0000,728.0000,319.0000,238.0000,424.0000,304.0000
AUBASA LP-BA,20,767.0000,1059.0000,374.0000,393.0000,375.0000,684.0000
Rivadavia,19,null,null,null,null,null,null
La Bandera,15,137.0000,887.0000,95.0000,42.0000,130.0000,757.0000
Zarate Brazo Largo,16,314.0000,323.0000,241.0000,73.0000,29.0000,294.0000
Florencio Varela,11,440.0000,1364.0000,191.0000,249.0000,757.0000,607.0000
Amanecer,18,273.0000,795.0000,108.0000,165.0000,null,795.0000
DISC Caraffa,13,20.0000,159.0000,1.0000,19.0000,42.0000,117.0000
Florencio Varela,2,123.0000,132.0000,33.0000,90.0000,33.0000,99.0000
Santa Rita,23,97.0000,109.0000,11.0000,86.0000,5.0000,104.0000
DISC Echeverria,18,null,52.0000,null,null,null,52.0000
Alvear,11,887.0000,2860.0000,475.0000,412.0000,1150.0000,1710.0000
Libertador,15,428.0000,1012.0000,149.0000,279.0000,314.0000,698.0000
Amanecer,0,105.0000,192.0000,29.0000,76.0000,null,192.0000
El Club,6,1074.0000,1500.0000,682.0000,392.0000,798.0000,702.0000
Cabildo,2,59.0000,29.0000,34.0000,25.0000,8.0000,21.0000
El Club,13,330.0000,1627.0000,167.0000,163.0000,398.0000,1229.0000
Fisherton,16,416.0000,2227.0000,70.0000,346.0000,null,2227.0000
Zarate,11,519.0000,483.0000,342.0000,177.0000,266.0000,217.0000
Luis Viale,14,156.0000,765.0000,51.0000,105.0000,163.0000,602.0000
Luis Viale,6,675.0000,695.0000,146.0000,529.0000,266.0000,429.0000
Santa Rita,5,648.0000,742.0000,77.0000,571.0000,95.0000,647.0000
Villa Allende,7,2265.0000,2200.0000,1637.0000,628.0000,1150.0000,1050.0000
Bonpland,7,1755.0000,2022.0000,1104.0000,651.0000,1145.0000,877.0000
AUBASA BA-LP,11,2749.0000,3972.0000,1243.0000,1506.0000,1504.0000,2468.0000
AUBASA BA-LP,14,1123.0000,1689.0000,348.0000,775.0000,396.0000,1293.0000
Rosario Sur,19,null,null,null,null,null,null
Floresta,22,131.0000,149.0000,19.0000,112.0000,25.0000,124.0000
La Carmela,17,353.0000,397.0000,195.0000,158.0000,149.0000,248.0000
Luis Viale,10,786.0000,1391.0000,164.0000,622.0000,399.0000,992.0000
Amanecer,21,59.0000,186.0000,14.0000,45.0000,null,186.0000
DISC Caraffa,19,36.0000,170.0000,5.0000,31.0000,54.0000,116.0000
Floresta,10,685.0000,849.0000,309.0000,376.0000,309.0000,540.0000
Bonpland,4,222.0000,381.0000,130.0000,92.0000,165.0000,216.0000
CORS EVENTOS,17,345.0000,2.0000,140.0000,205.0000,null,2.0000
Laferrere,20,71.0000,325.0000,41.0000,30.0000,133.0000,192.0000
America,18,291.0000,1059.0000,118.0000,173.0000,null,1059.0000
Maipu,23,107.0000,207.0000,62.0000,45.0000,20.0000,187.0000
Gutierrez,1,71.0000,179.0000,29.0000,42.0000,58.0000,121.0000
Quilmes,14,166.0000,481.0000,71.0000,95.0000,167.0000,314.0000
Emilio Castro,17,225.0000,256.0000,103.0000,122.0000,89.0000,167.0000
Lima,23,1106.0000,772.0000,381.0000,725.0000,235.0000,537.0000
Parque Sarmiento,19,341.0000,680.0000,87.0000,254.0000,108.0000,572.0000
Olivos,8,2103.0000,1731.0000,1910.0000,193.0000,716.0000,1015.0000
Los Incas,7,913.0000,19.0000,820.0000,93.0000,null,19.0000
Mitre,3,null,null,null,null,null,null
Santa Fe,7,495.0000,190.0000,309.0000,186.0000,79.0000,111.0000
El Arco,13,185.0000,465.0000,108.0000,77.0000,146.0000,319.0000
AUBASA BA-LP,20,915.0000,992.0000,335.0000,580.0000,365.0000,627.0000
Zarate,8,1261.0000,603.0000,903.0000,358.0000,371.0000,232.0000
Maipu,4,115.0000,177.0000,79.0000,36.0000,50.0000,127.0000
Florencio Varela,9,1144.0000,2570.0000,585.0000,559.0000,1492.0000,1078.0000
Maipu,11,225.0000,734.0000,138.0000,87.0000,230.0000,504.0000
Florencio Varela,19,229.0000,613.0000,180.0000,49.0000,374.0000,239.0000
Centenera,14,61.0000,257.0000,32.0000,29.0000,70.0000,187.0000
Gral Paz Capital,21,382.0000,455.0000,229.0000,153.0000,null,455.0000
Zarate,15,206.0000,178.0000,139.0000,67.0000,69.0000,109.0000
El Arco,16,245.0000,728.0000,150.0000,95.0000,189.0000,539.0000
Libertador,14,247.0000,704.0000,89.0000,158.0000,185.0000,519.0000
Anchorena,12,null,null,null,null,null,null
Anchorena,6,null,null,null,null,null,null
Gutierrez,23,51.0000,148.0000,23.0000,28.0000,44.0000,104.0000
Floresta,11,372.0000,666.0000,151.0000,221.0000,264.0000,402.0000
Anchorena,11,null,null,null,null,null,null
La Bandera,22,null,null,null,null,null,null
Pilar,11,821.0000,1356.0000,519.0000,302.0000,504.0000,852.0000
Pilar,21,153.0000,162.0000,67.0000,86.0000,48.0000,114.0000
Disc Panamericana,9,73.0000,85.0000,1.0000,72.0000,null,85.0000
Fisherton,1,31.0000,140.0000,null,31.0000,null,140.0000
Buen Ayre,13,484.0000,958.0000,252.0000,232.0000,198.0000,760.0000
Del Tejar,17,566.0000,1159.0000,363.0000,203.0000,451.0000,708.0000
DISC Caraffa,17,34.0000,176.0000,6.0000,28.0000,45.0000,131.0000
Fisherton,20,117.0000,814.0000,6.0000,111.0000,null,814.0000
Ovidio Lagos,6,255.0000,786.0000,78.0000,177.0000,134.0000,652.0000
Maschwitz,13,null,71.0000,null,null,null,71.0000
Alsina,16,608.0000,784.0000,118.0000,490.0000,233.0000,551.0000
Gral Paz Provincia,2,649.0000,728.0000,278.0000,371.0000,257.0000,471.0000
Los Incas,23,63.0000,3.0000,42.0000,21.0000,null,3.0000
DISC Caraffa,7,81.0000,322.0000,6.0000,75.0000,177.0000,145.0000
Mitre,0,null,null,null,null,null,null
Santa Fe,1,null,null,null,null,null,null
La Bandera,2,null,null,null,null,null,null
Villa Allende,22,2.0000,5.0000,2.0000,null,null,5.0000
Quilmes,20,118.0000,189.0000,58.0000,60.0000,49.0000,140.0000
Alvear,19,566.0000,1825.0000,266.0000,300.0000,822.0000,1003.0000
Gutierrez,21,92.0000,130.0000,41.0000,51.0000,50.0000,80.0000
DISC Caraffa,23,5.0000,5.0000,null,5.0000,null,5.0000
Florencio Varela,17,416.0000,1144.0000,341.0000,75.0000,620.0000,524.0000
Fisherton,12,276.0000,2292.0000,88.0000,188.0000,null,2292.0000
Zarate,21,97.0000,38.0000,68.0000,29.0000,16.0000,22.0000
Libertador,17,650.0000,2030.0000,296.0000,354.0000,853.0000,1177.0000
AUBASA LP-BA,6,3063.0000,1205.0000,1779.0000,1284.0000,636.0000,569.0000
Cabildo,15,102.0000,153.0000,36.0000,66.0000,48.0000,105.0000
Trelles,10,549.0000,1015.0000,315.0000,234.0000,411.0000,604.0000
El Arco,22,null,1.0000,null,null,null,1.0000
Santa Rita,13,141.0000,413.0000,22.0000,119.0000,26.0000,387.0000
Gral Paz Provincia,23,461.0000,653.0000,172.0000,289.0000,176.0000,477.0000
Olivos,15,270.0000,594.0000,223.0000,47.0000,222.0000,372.0000
Lima,10,4704.0000,7658.0000,2277.0000,2427.0000,3009.0000,4649.0000
Maipu,14,85.0000,521.0000,39.0000,46.0000,106.0000,415.0000
Lima,3,1011.0000,660.0000,432.0000,579.0000,230.0000,430.0000
Alberdi,22,null,19.0000,null,null,null,19.0000
Zarate,20,128.0000,103.0000,83.0000,45.0000,45.0000,58.0000
Alsina,4,191.0000,322.0000,38.0000,153.0000,62.0000,260.0000
Arroyo Seco,3,1070.0000,580.0000,497.0000,573.0000,256.0000,324.0000
Cabildo,18,153.0000,159.0000,76.0000,77.0000,58.0000,101.0000
Quilmes,16,303.0000,793.0000,171.0000,132.0000,297.0000,496.0000
Cabildo,0,47.0000,52.0000,13.0000,34.0000,23.0000,29.0000
San Isidro,15,338.0000,892.0000,68.0000,270.0000,141.0000,751.0000
El Arco,17,404.0000,1140.0000,230.0000,174.0000,411.0000,729.0000
Laferrere,3,119.0000,192.0000,59.0000,60.0000,77.0000,115.0000
Alsina,12,312.0000,781.0000,111.0000,201.0000,285.0000,496.0000
Florencio Varela,3,41.0000,48.0000,8.0000,33.0000,10.0000,38.0000
Zarate,6,628.0000,532.0000,469.0000,159.0000,318.0000,214.0000
Pilar,20,194.0000,231.0000,83.0000,111.0000,80.0000,151.0000
La Carmela,15,228.0000,253.0000,92.0000,136.0000,76.0000,177.0000
Maschwitz,11,null,161.0000,null,null,null,161.0000
Boulevard,17,387.0000,1634.0000,229.0000,158.0000,569.0000,1065.0000
Zarate Brazo Largo,20,271.0000,160.0000,223.0000,48.0000,11.0000,149.0000
Rivadavia,17,null,null,null,null,null,null
Villa Allende,0,null,1.0000,null,null,null,1.0000
Gral Paz Provincia,22,365.0000,488.0000,165.0000,200.0000,156.0000,332.0000
Libertador,21,159.0000,309.0000,75.0000,84.0000,116.0000,193.0000
Lima,20,2047.0000,1950.0000,796.0000,1251.0000,628.0000,1322.0000
Laferrere,16,111.0000,456.0000,58.0000,53.0000,183.0000,273.0000
AUBASA LP-BA,5,1622.0000,613.0000,974.0000,648.0000,255.0000,358.0000
Trelles,21,132.0000,116.0000,79.0000,53.0000,39.0000,77.0000
Cabildo,7,319.0000,210.0000,230.0000,89.0000,113.0000,97.0000
Centenera,2,37.0000,46.0000,19.0000,18.0000,14.0000,32.0000
Pilar,23,190.0000,166.0000,64.0000,126.0000,60.0000,106.0000
Gral Paz Capital,0,480.0000,554.0000,397.0000,83.0000,null,554.0000
Zarate,0,146.0000,74.0000,60.0000,86.0000,14.0000,60.0000
Libertador,19,398.0000,1117.0000,183.0000,215.0000,519.0000,598.0000
Olivos,11,522.0000,1099.0000,481.0000,41.0000,379.0000,720.0000
Bulnes,23,null,null,null,null,null,null
Disc Panamericana,18,37.0000,40.0000,6.0000,31.0000,2.0000,38.0000
Arroyo Seco,14,2566.0000,3161.0000,970.0000,1596.0000,649.0000,2512.0000
San Isidro,14,317.0000,736.0000,87.0000,230.0000,98.0000,638.0000
Maipu,20,72.0000,198.0000,37.0000,35.0000,35.0000,163.0000
La Carmela,19,257.0000,271.0000,138.0000,119.0000,97.0000,174.0000
Bonpland,18,685.0000,2068.0000,423.0000,262.0000,962.0000,1106.0000
Zarate,17,389.0000,334.0000,256.0000,133.0000,156.0000,178.0000
Villa Luro,15,446.0000,1439.0000,203.0000,243.0000,442.0000,997.0000
Villa Luro,22,135.0000,330.0000,34.0000,101.0000,78.0000,252.0000
Gral Paz Provincia,0,501.0000,726.0000,195.0000,306.0000,232.0000,494.0000
Dialogos,0,104.0000,123.0000,56.0000,48.0000,31.0000,92.0000
La Carmela,21,119.0000,176.0000,56.0000,63.0000,57.0000,119.0000
Laferrere,9,740.0000,1225.0000,426.0000,314.0000,682.0000,543.0000
Rosario Sur,10,null,null,null,null,null,null
Villa Allende,2,2.0000,4.0000,1.0000,1.0000,null,4.0000
DISC Caraffa,21,9.0000,88.0000,1.0000,8.0000,18.0000,70.0000
Gutierrez,9,624.0000,871.0000,270.0000,354.0000,402.0000,469.0000
AUBASA BA-LP,13,931.0000,1444.0000,325.0000,606.0000,381.0000,1063.0000
Olivos,2,198.0000,127.0000,166.0000,32.0000,43.0000,84.0000
Centenera,17,146.0000,307.0000,63.0000,83.0000,150.0000,157.0000
Trelles,5,300.0000,191.0000,170.0000,130.0000,95.0000,96.0000
El Club,5,373.0000,421.0000,231.0000,142.0000,202.0000,219.0000
Bulnes,5,null,null,null,null,null,null
Gutierrez,2,69.0000,188.0000,28.0000,41.0000,51.0000,137.0000
Bonpland,16,561.0000,1624.0000,278.0000,283.0000,575.0000,1049.0000
El Club,1,202.0000,695.0000,85.0000,117.0000,122.0000,573.0000
Ovidio Lagos,8,706.0000,1777.0000,199.0000,507.0000,372.0000,1405.0000
Parque Sarmiento,10,1132.0000,1513.0000,776.0000,356.0000,353.0000,1160.0000
America,10,674.0000,1248.0000,379.0000,295.0000,null,1248.0000
La Bandera,9,700.0000,2234.0000,498.0000,202.0000,745.0000,1489.0000
Libertador,5,742.0000,673.0000,378.0000,364.0000,335.0000,338.0000
Rivadavia,15,null,null,null,null,null,null
La Bandera,5,3.0000,1.0000,3.0000,null,null,1.0000
Disc Panamericana,11,42.0000,56.0000,2.0000,40.0000,null,56.0000
Gral Paz Capital,8,4586.0000,3756.0000,2735.0000,1851.0000,null,3756.0000
Rosario Sur,15,null,null,null,null,null,null
Lima,6,4410.0000,4081.0000,2531.0000,1879.0000,2116.0000,1965.0000
Bulnes,18,110.0000,564.0000,72.0000,38.0000,187.0000,377.0000
Boulevard,6,461.0000,515.0000,226.0000,235.0000,254.0000,261.0000
Bulnes,2,null,null,null,null,null,null
DISC Echeverria,10,null,91.0000,null,null,null,91.0000
DISC Caraffa,6,62.0000,79.0000,4.0000,58.0000,31.0000,48.0000
Maipu,19,124.0000,423.0000,56.0000,68.0000,100.0000,323.0000
Rivadavia,10,null,null,null,null,null,null
Maipu,21,53.0000,135.0000,30.0000,23.0000,31.0000,104.0000
Alsina,5,353.0000,398.0000,101.0000,252.0000,115.0000,283.0000
Mitre,8,null,null,null,null,null,null
Cabildo,11,233.0000,252.0000,126.0000,107.0000,109.0000,143.0000
Garay,3,111.0000,117.0000,43.0000,68.0000,40.0000,77.0000
Boulevard,12,227.0000,971.0000,92.0000,135.0000,244.0000,727.0000
Laferrere,14,52.0000,259.0000,31.0000,21.0000,93.0000,166.0000
Dialogos,12,224.0000,504.0000,137.0000,87.0000,262.0000,242.0000
La Carmela,1,179.0000,134.0000,93.0000,86.0000,65.0000,69.0000
Las Heras,14,299.0000,242.0000,179.0000,120.0000,100.0000,142.0000
Villa Allende,12,262.0000,1303.0000,192.0000,70.0000,277.0000,1026.0000
Olivos,7,2059.0000,1408.0000,1918.0000,141.0000,779.0000,629.0000
El Club,16,683.0000,3015.0000,316.0000,367.0000,1231.0000,1784.0000
La Carmela,16,319.0000,326.0000,163.0000,156.0000,103.0000,223.0000
La Carmela,2,190.0000,138.0000,93.0000,97.0000,67.0000,71.0000
Santa Fe,22,2.0000,null,null,2.0000,null,null
Florencio Varela,0,122.0000,213.0000,33.0000,89.0000,32.0000,181.0000
Maipu,3,96.0000,152.0000,65.0000,31.0000,57.0000,95.0000
Santa Fe,11,258.0000,138.0000,126.0000,132.0000,41.0000,97.0000
Gral Paz Provincia,14,538.0000,1188.0000,233.0000,305.0000,335.0000,853.0000
Centenera,13,70.0000,320.0000,35.0000,35.0000,121.0000,199.0000
AUBASA LP-BA,2,579.0000,324.0000,187.0000,392.0000,93.0000,231.0000
Libertador,1,148.0000,283.0000,37.0000,111.0000,61.0000,222.0000
Mitre,23,null,null,null,null,null,null
Arroyo Seco,2,1114.0000,538.0000,474.0000,640.0000,239.0000,299.0000
La Carmela,0,192.0000,127.0000,95.0000,97.0000,49.0000,78.0000
Disc Panamericana,12,28.0000,27.0000,1.0000,27.0000,null,27.0000
Alsina,7,792.0000,1014.0000,322.0000,470.0000,336.0000,678.0000
El Club,0,223.0000,734.0000,97.0000,126.0000,157.0000,577.0000
Floresta,0,148.0000,114.0000,34.0000,114.0000,20.0000,94.0000
Bonpland,3,219.0000,395.0000,135.0000,84.0000,163.0000,232.0000
Santa Fe,6,234.0000,52.0000,160.0000,74.0000,23.0000,29.0000
Quilmes,8,1683.0000,2277.0000,965.0000,718.0000,1234.0000,1043.0000
Buen Ayre,0,271.0000,396.0000,90.0000,181.0000,109.0000,287.0000
Del Tejar,23,136.0000,232.0000,83.0000,53.0000,54.0000,178.0000
Maipu,12,109.0000,488.0000,74.0000,35.0000,122.0000,366.0000
Maipu,13,119.0000,398.0000,77.0000,42.0000,144.0000,254.0000
Gral Paz Capital,9,4242.0000,4433.0000,2457.0000,1785.0000,null,4433.0000
La Bandera,20,56.0000,312.0000,36.0000,20.0000,41.0000,271.0000
Bulnes,10,350.0000,1137.0000,220.0000,130.0000,457.0000,680.0000
Laferrere,8,1030.0000,1465.0000,610.0000,420.0000,997.0000,468.0000
Luis Viale,22,52.0000,227.0000,10.0000,42.0000,22.0000,205.0000
Rosario Sur,13,null,null,null,null,null,null
Centenera,11,247.0000,577.0000,116.0000,131.0000,226.0000,351.0000
Amanecer,12,310.0000,592.0000,125.0000,185.0000,null,592.0000
AUBASA BA-LP,12,1495.0000,1955.0000,666.0000,829.0000,679.0000,1276.0000
Garay,20,186.0000,556.0000,66.0000,120.0000,122.0000,434.0000
La Bandera,13,146.0000,803.0000,105.0000,41.0000,171.0000,632.0000
Ovidio Lagos,10,559.0000,1741.0000,149.0000,410.0000,259.0000,1482.0000
Fisherton,2,41.0000,99.0000,2.0000,39.0000,null,99.0000
Disc Panamericana,17,26.0000,25.0000,4.0000,22.0000,1.0000,24.0000
Parque Sarmiento,23,154.0000,86.0000,136.0000,18.0000,10.0000,76.0000
Bonpland,5,408.0000,702.0000,240.0000,168.0000,395.0000,307.0000
Boulevard,22,null,null,null,null,null,null
Gral Paz Provincia,13,528.0000,1077.0000,210.0000,318.0000,301.0000,776.0000
Congreso,22,151.0000,121.0000,52.0000,99.0000,25.0000,96.0000
Bonpland,1,214.0000,392.0000,102.0000,112.0000,96.0000,296.0000
Trelles,17,298.0000,486.0000,163.0000,135.0000,205.0000,281.0000
Santa Fe,13,59.0000,41.0000,21.0000,38.0000,4.0000,37.0000
DISC Caraffa,15,15.0000,163.0000,null,15.0000,21.0000,142.0000
Alberdi,19,null,51.0000,null,null,null,51.0000
Ovidio Lagos,12,205.0000,693.0000,58.0000,147.0000,95.0000,598.0000
Bulnes,8,414.0000,1057.0000,287.0000,127.0000,485.0000,572.0000
Buen Ayre,14,551.0000,1184.0000,266.0000,285.0000,252.0000,932.0000
Zarate Brazo Largo,3,85.0000,93.0000,70.0000,15.0000,9.0000,84.0000
Bulnes,20,29.0000,319.0000,20.0000,9.0000,122.0000,197.0000
El Arco,19,604.0000,1539.0000,321.0000,283.0000,578.0000,961.0000
Maschwitz,17,null,167.0000,null,null,null,167.0000
Villa Luro,13,340.0000,843.0000,134.0000,206.0000,313.0000,530.0000
AUBASA BA-LP,3,602.0000,366.0000,277.0000,325.0000,131.0000,235.0000
Dialogos,3,1.0000,2.0000,1.0000,null,2.0000,null
Alsina,18,544.0000,1059.0000,143.0000,401.0000,269.0000,790.0000
Fisherton,18,534.0000,3637.0000,82.0000,452.0000,null,3637.0000
El Club,12,481.0000,1681.0000,254.0000,227.0000,605.0000,1076.0000
Arroyo Seco,8,9731.0000,12123.0000,5414.0000,4317.0000,6607.0000,5516.0000
AUBASA LP-BA,0,616.0000,489.0000,198.0000,418.0000,113.0000,376.0000
Dialogos,16,402.0000,824.0000,245.0000,157.0000,450.0000,374.0000
Anchorena,19,null,null,null,null,null,null
Buen Ayre,17,1487.0000,3328.0000,916.0000,571.0000,1615.0000,1713.0000
Rosario Sur,1,null,null,null,null,null,null
El Club,18,994.0000,3978.0000,579.0000,415.0000,2053.0000,1925.0000
Libertador,8,1291.0000,2179.0000,739.0000,552.0000,1100.0000,1079.0000
Las Heras,23,109.0000,92.0000,76.0000,33.0000,31.0000,61.0000
Garay,10,748.0000,1973.0000,431.0000,317.0000,802.0000,1171.0000
DISC Echeverria,17,null,31.0000,null,null,null,31.0000
San Isidro,6,1286.0000,1326.0000,810.0000,476.0000,587.0000,739.0000
Gutierrez,16,252.0000,598.0000,109.0000,143.0000,227.0000,371.0000
DISC Echeverria,16,null,24.0000,null,null,null,24.0000
DISC Echeverria,19,null,44.0000,null,null,null,44.0000
Bulnes,13,61.0000,302.0000,36.0000,25.0000,75.0000,227.0000
La Bandera,14,128.0000,730.0000,99.0000,29.0000,132.0000,598.0000
Las Heras,8,848.0000,667.0000,604.0000,244.0000,336.0000,331.0000
Ovidio Lagos,17,242.0000,989.0000,76.0000,166.0000,178.0000,811.0000
Boulevard,9,1107.0000,3125.0000,623.0000,484.0000,1318.0000,1807.0000
Dialogos,18,583.0000,1301.0000,361.0000,222.0000,698.0000,603.0000
Centenera,20,47.0000,65.0000,27.0000,20.0000,30.0000,35.0000
Las Heras,1,128.0000,108.0000,96.0000,32.0000,32.0000,76.0000
America,8,1391.0000,1352.0000,799.0000,592.0000,1.0000,1351.0000
La Bandera,6,189.0000,386.0000,132.0000,57.0000,197.0000,189.0000
Mitre,7,null,null,null,null,null,null
DISC Echeverria,9,null,94.0000,null,null,null,94.0000
Zarate,18,514.0000,381.0000,360.0000,154.0000,169.0000,212.0000
Gral Paz Capital,4,1695.0000,643.0000,1473.0000,222.0000,null,643.0000
Las Heras,5,695.0000,244.0000,454.0000,241.0000,84.0000,160.0000
Los Incas,14,158.0000,10.0000,109.0000,49.0000,null,10.0000
Laferrere,7,993.0000,1088.0000,640.0000,353.0000,777.0000,311.0000
AUBASA BA-LP,8,5034.0000,7180.0000,2948.0000,2086.0000,4120.0000,3060.0000
Santa Fe,20,54.0000,33.0000,33.0000,21.0000,11.0000,22.0000
Del Tejar,11,745.0000,1512.0000,642.0000,103.0000,595.0000,917.0000
Bulnes,21,17.0000,134.0000,10.0000,7.0000,56.0000,78.0000
Gutierrez,18,349.0000,812.0000,202.0000,147.0000,371.0000,441.0000
Arroyo Seco,7,7401.0000,8935.0000,4176.0000,3225.0000,5121.0000,3814.0000
Mitre,12,null,null,null,null,null,null
Luis Viale,8,1093.0000,1438.0000,217.0000,876.0000,484.0000,954.0000
Mitre,15,null,null,null,null,null,null
Ovidio Lagos,1,44.0000,131.0000,13.0000,31.0000,40.0000,91.0000
Floresta,19,164.0000,434.0000,31.0000,133.0000,157.0000,277.0000
Dialogos,11,476.0000,1180.0000,292.0000,184.0000,618.0000,562.0000
Maschwitz,14,null,80.0000,null,null,null,80.0000
Gral Paz Capital,13,472.0000,1000.0000,247.0000,225.0000,null,1000.0000
Gutierrez,0,69.0000,182.0000,29.0000,40.0000,48.0000,134.0000
El Arco,8,1517.0000,2303.0000,889.0000,628.0000,1296.0000,1007.0000
Alsina,8,733.0000,1308.0000,288.0000,445.0000,490.0000,818.0000
Gral Paz Capital,14,519.0000,1298.0000,309.0000,210.0000,null,1298.0000
Luis Viale,15,259.0000,1107.0000,78.0000,181.0000,189.0000,918.0000
Mitre,11,null,null,null,null,null,null
San Isidro,12,462.0000,971.0000,217.0000,245.0000,280.0000,691.0000
Los Incas,0,92.0000,2.0000,68.0000,24.0000,null,2.0000
Bulnes,19,75.0000,481.0000,50.0000,25.0000,169.0000,312.0000
AUBASA BA-LP,4,783.0000,520.0000,410.0000,373.0000,202.0000,318.0000
Maschwitz,2,null,50.0000,null,null,null,50.0000
Bulnes,1,null,null,null,null,null,null
El Arco,20,246.0000,706.0000,123.0000,123.0000,281.0000,425.0000
La Carmela,20,199.0000,214.0000,83.0000,116.0000,69.0000,145.0000
Olivos,16,415.0000,816.0000,329.0000,86.0000,318.0000,498.0000
Gral Paz Capital,22,420.0000,431.0000,342.0000,78.0000,null,431.0000
La Carmela,5,690.0000,536.0000,410.0000,280.0000,329.0000,207.0000
Amanecer,3,75.0000,149.0000,24.0000,51.0000,1.0000,148.0000
Pilar,5,477.0000,198.0000,226.0000,251.0000,129.0000,69.0000
Pilar,1,154.0000,104.0000,51.0000,103.0000,49.0000,55.0000
AUBASA BA-LP,19,1955.0000,2642.0000,837.0000,1118.0000,1116.0000,1526.0000
Alsina,9,753.0000,1320.0000,258.0000,495.0000,505.0000,815.0000
Los Incas,9,1064.0000,21.0000,940.0000,124.0000,1.0000,20.0000
Floresta,17,298.0000,671.0000,87.0000,211.0000,193.0000,478.0000
Gutierrez,6,487.0000,471.0000,264.0000,223.0000,246.0000,225.0000
Boulevard,2,null,null,null,null,null,null
Gral Paz Provincia,7,4603.0000,4575.0000,3114.0000,1489.0000,2300.0000,2275.0000
Alberdi,10,null,133.0000,null,null,null,133.0000
Fisherton,23,29.0000,120.0000,2.0000,27.0000,null,120.0000
Del Tejar,1,182.0000,266.0000,120.0000,62.0000,88.0000,178.0000
DISC Echeverria,4,null,72.0000,null,null,null,72.0000
Maipu,1,132.0000,220.0000,70.0000,62.0000,35.0000,185.0000
Cabildo,1,59.0000,40.0000,31.0000,28.0000,21.0000,19.0000
Pilar,3,157.0000,115.0000,71.0000,86.0000,91.0000,24.0000
Bonpland,20,254.0000,677.0000,172.0000,82.0000,228.0000,449.0000
Dialogos,17,622.0000,1370.0000,428.0000,194.0000,751.0000,619.0000
Ovidio Lagos,19,189.0000,805.0000,51.0000,138.0000,135.0000,670.0000
Parque Sarmiento,2,138.0000,47.0000,130.0000,8.0000,10.0000,37.0000
Boulevard,19,242.0000,734.0000,139.0000,103.0000,242.0000,492.0000
Parque Sarmiento,13,262.0000,510.0000,184.0000,78.0000,120.0000,390.0000
Santa Fe,14,74.0000,62.0000,32.0000,42.0000,11.0000,51.0000
AUBASA LP-BA,15,1290.0000,2470.0000,488.0000,802.0000,813.0000,1657.0000
Maschwitz,19,null,109.0000,null,null,null,109.0000
Congreso,0,170.0000,168.0000,55.0000,115.0000,36.0000,132.0000
Gutierrez,14,124.0000,344.0000,46.0000,78.0000,106.0000,238.0000
Las Heras,19,309.0000,379.0000,181.0000,128.0000,120.0000,259.0000
Las Heras,13,231.0000,361.0000,140.0000,91.0000,151.0000,210.0000
Lima,0,1266.0000,873.0000,445.0000,821.0000,269.0000,604.0000
Emilio Castro,16,165.0000,264.0000,64.0000,101.0000,71.0000,193.0000
Alvear,4,363.0000,783.0000,229.0000,134.0000,408.0000,375.0000
Arroyo Seco,5,937.0000,659.0000,539.0000,398.0000,373.0000,286.0000
Santa Fe,10,344.0000,249.0000,196.0000,148.0000,93.0000,156.0000
Luis Viale,18,367.0000,1083.0000,149.0000,218.0000,287.0000,796.0000
Trelles,8,768.0000,1005.0000,469.0000,299.0000,404.0000,601.0000
El Club,19,651.0000,2335.0000,347.0000,304.0000,1002.0000,1333.0000
Las Heras,12,243.0000,404.0000,141.0000,102.0000,156.0000,248.0000
Ovidio Lagos,22,37.0000,143.0000,8.0000,29.0000,22.0000,121.0000
Cabildo,13,114.0000,127.0000,60.0000,54.0000,51.0000,76.0000
America,7,1066.0000,1171.0000,549.0000,517.0000,null,1171.0000
Bonpland,11,858.0000,2210.0000,446.0000,412.0000,782.0000,1428.0000
Del Tejar,6,743.0000,804.0000,651.0000,92.0000,407.0000,397.0000
Alvear,13,343.0000,1352.0000,166.0000,177.0000,409.0000,943.0000
Amanecer,11,542.0000,950.0000,217.0000,325.0000,null,950.0000
AUBASA BA-LP,18,2594.0000,4331.0000,1252.0000,1342.0000,2116.0000,2215.0000
El Arco,9,1424.0000,2743.0000,867.0000,557.0000,1394.0000,1349.0000
Villa Luro,23,196.0000,360.0000,60.0000,136.0000,80.0000,280.0000
Gral Paz Capital,5,2883.0000,983.0000,2520.0000,363.0000,null,983.0000
Olivos,4,222.0000,143.0000,214.0000,8.0000,94.0000,49.0000
Alsina,11,494.0000,951.0000,154.0000,340.0000,362.0000,589.0000
Rosario Sur,11,null,null,null,null,null,null
Rivadavia,21,null,null,null,null,null,null
Santa Rita,4,238.0000,171.0000,24.0000,214.0000,24.0000,147.0000
Emilio Castro,15,134.0000,214.0000,52.0000,82.0000,64.0000,150.0000
Zarate,13,212.0000,249.0000,114.0000,98.0000,109.0000,140.0000
El Club,23,184.0000,660.0000,77.0000,107.0000,144.0000,516.0000
Gral Paz Capital,18,1750.0000,2370.0000,1175.0000,575.0000,null,2370.0000
America,14,253.0000,405.0000,93.0000,160.0000,null,405.0000
Florencio Varela,6,1038.0000,976.0000,493.0000,545.0000,625.0000,351.0000
Rosario Sur,5,null,null,null,null,null,null
Boulevard,5,2.0000,null,1.0000,1.0000,null,null
DISC Echeverria,23,null,44.0000,null,null,null,44.0000
Ovidio Lagos,2,34.0000,103.0000,5.0000,29.0000,26.0000,77.0000
El Arco,1,null,null,null,null,null,null
Zarate Brazo Largo,19,383.0000,274.0000,295.0000,88.0000,24.0000,250.0000
Ovidio Lagos,14,110.0000,564.0000,28.0000,82.0000,70.0000,494.0000
Santa Fe,17,175.0000,88.0000,68.0000,107.0000,24.0000,64.0000
La Bandera,18,238.0000,1786.0000,161.0000,77.0000,325.0000,1461.0000
Santa Rita,10,375.0000,1009.0000,52.0000,323.0000,116.0000,893.0000
Santa Rita,22,66.0000,169.0000,4.0000,62.0000,15.0000,154.0000
America,13,173.0000,375.0000,91.0000,82.0000,null,375.0000
Garay,4,145.0000,194.0000,56.0000,89.0000,55.0000,139.0000
Alberdi,17,null,97.0000,null,null,null,97.0000
America,17,337.0000,1050.0000,115.0000,222.0000,null,1050.0000
Zarate Brazo Largo,10,513.0000,736.0000,421.0000,92.0000,24.0000,712.0000
Maipu,2,97.0000,200.0000,67.0000,30.0000,50.0000,150.0000
Buen Ayre,18,1407.0000,3426.0000,844.0000,563.0000,1673.0000,1753.0000
Maschwitz,7,null,419.0000,null,null,null,419.0000
Disc Panamericana,20,2.0000,9.0000,null,2.0000,null,9.0000
Alvear,18,746.0000,2946.0000,401.0000,345.0000,1484.0000,1462.0000
Fisherton,7,1856.0000,3793.0000,868.0000,988.0000,null,3793.0000
Rosario Sur,17,null,null,null,null,null,null
Bonpland,19,595.0000,1338.0000,356.0000,239.0000,546.0000,792.0000
AUBASA LP-BA,12,1124.0000,1775.0000,528.0000,596.0000,571.0000,1204.0000
Villa Allende,13,177.0000,654.0000,119.0000,58.0000,109.0000,545.0000
Alsina,21,280.0000,421.0000,60.0000,220.0000,75.0000,346.0000
Gral Paz Provincia,6,3309.0000,3550.0000,2048.0000,1261.0000,1954.0000,1596.0000
Gral Paz Provincia,4,1320.0000,848.0000,654.0000,666.0000,385.0000,463.0000
San Isidro,5,796.0000,355.0000,516.0000,280.0000,189.0000,166.0000
Cabildo,23,41.0000,32.0000,18.0000,23.0000,7.0000,25.0000
Disc Panamericana,23,1.0000,null,null,1.0000,null,null
CORS EVENTOS,9,438.0000,2.0000,210.0000,228.0000,null,2.0000
Santa Fe,2,null,null,null,null,null,null
Amanecer,16,284.0000,735.0000,127.0000,157.0000,null,735.0000
Rosario Sur,14,null,null,null,null,null,null
Fisherton,14,251.0000,1126.0000,22.0000,229.0000,null,1126.0000
Boulevard,21,39.0000,74.0000,16.0000,23.0000,14.0000,60.0000
Los Incas,13,231.0000,7.0000,198.0000,33.0000,null,7.0000
Villa Luro,21,191.0000,494.0000,86.0000,105.0000,166.0000,328.0000
Anchorena,8,null,null,null,null,null,null
Luis Viale,7,886.0000,1209.0000,183.0000,703.0000,359.0000,850.0000
Gutierrez,19,220.0000,435.0000,130.0000,90.0000,184.0000,251.0000
Las Heras,3,139.0000,75.0000,96.0000,43.0000,28.0000,47.0000
La Carmela,12,204.0000,205.0000,94.0000,110.0000,53.0000,152.0000
Alvear,8,1799.0000,4263.0000,1098.0000,701.0000,2256.0000,2007.0000
Santa Fe,21,48.0000,16.0000,15.0000,33.0000,3.0000,13.0000
Villa Luro,20,242.0000,747.0000,120.0000,122.0000,257.0000,490.0000
El Arco,6,896.0000,731.0000,587.0000,309.0000,410.0000,321.0000
Amanecer,20,124.0000,311.0000,41.0000,83.0000,1.0000,310.0000
Mitre,9,null,null,null,null,null,null
Arroyo Seco,20,2324.0000,2242.0000,1075.0000,1249.0000,857.0000,1385.0000
La Bandera,8,781.0000,2332.0000,550.0000,231.0000,958.0000,1374.0000
Emilio Castro,11,403.0000,411.0000,187.0000,216.0000,143.0000,268.0000
Amanecer,8,1542.0000,1557.0000,787.0000,755.0000,null,1557.0000
San Isidro,11,834.0000,1616.0000,407.0000,427.0000,574.0000,1042.0000
Gutierrez,17,293.0000,830.0000,168.0000,125.0000,359.0000,471.0000
Maschwitz,5,null,136.0000,null,null,null,136.0000
Los Incas,22,36.0000,2.0000,26.0000,10.0000,null,2.0000
El Club,22,171.0000,460.0000,66.0000,105.0000,137.0000,323.0000
AUBASA LP-BA,13,763.0000,1300.0000,289.0000,474.0000,366.0000,934.0000
Buen Ayre,22,201.0000,380.0000,72.0000,129.0000,116.0000,264.0000
Santa Fe,5,null,null,null,null,null,null
AUBASA BA-LP,9,4647.0000,7155.0000,2734.0000,1913.0000,3809.0000,3346.0000
AUBASA LP-BA,14,922.0000,1552.0000,359.0000,563.0000,377.0000,1175.0000
AUBASA LP-BA,7,4301.0000,2359.0000,2615.0000,1686.0000,1278.0000,1081.0000
Fisherton,21,81.0000,220.0000,14.0000,67.0000,null,220.0000
Los Incas,18,264.0000,7.0000,199.0000,65.0000,null,7.0000
Dialogos,8,1723.0000,1847.0000,1080.0000,643.0000,1126.0000,721.0000
Garay,17,426.0000,1285.0000,165.0000,261.0000,242.0000,1043.0000
Gral Paz Capital,19,1235.0000,1786.0000,797.0000,438.0000,null,1786.0000
Anchorena,7,null,null,null,null,null,null
Lima,13,1367.0000,1876.0000,467.0000,900.0000,352.0000,1524.0000
Florencio Varela,18,352.0000,1035.0000,266.0000,86.0000,541.0000,494.0000
Los Incas,16,229.0000,11.0000,168.0000,61.0000,null,11.0000
Parque Sarmiento,14,274.0000,675.0000,89.0000,185.0000,102.0000,573.0000
Villa Allende,16,330.0000,1125.0000,159.0000,171.0000,272.0000,853.0000
Luis Viale,9,980.0000,1301.0000,162.0000,818.0000,464.0000,837.0000
Boulevard,14,158.0000,739.0000,78.0000,80.0000,162.0000,577.0000
DISC Echeverria,20,null,25.0000,null,null,null,25.0000
Bulnes,3,null,null,null,null,null,null
Emilio Castro,4,109.0000,106.0000,53.0000,56.0000,50.0000,56.0000
Del Tejar,7,1456.0000,1748.0000,1295.0000,161.0000,1101.0000,647.0000
Alsina,23,145.0000,280.0000,12.0000,133.0000,28.0000,252.0000
Fisherton,0,27.0000,161.0000,1.0000,26.0000,null,161.0000
Villa Luro,12,445.0000,1285.0000,196.0000,249.0000,556.0000,729.0000
Olivos,18,468.0000,939.0000,372.0000,96.0000,383.0000,556.0000
Del Tejar,2,139.0000,225.0000,100.0000,39.0000,78.0000,147.0000
CORS EVENTOS,15,303.0000,2.0000,84.0000,219.0000,null,2.0000
San Isidro,22,74.0000,189.0000,25.0000,49.0000,51.0000,138.0000
Garay,21,125.0000,281.0000,48.0000,77.0000,58.0000,223.0000
Disc Panamericana,10,57.0000,66.0000,2.0000,55.0000,null,66.0000
Santa Fe,4,null,null,null,null,null,null
Centenera,5,267.0000,139.0000,123.0000,144.0000,57.0000,82.0000
Villa Allende,5,12.0000,63.0000,7.0000,5.0000,16.0000,47.0000
Alberdi,3,null,27.0000,null,null,null,27.0000
Del Tejar,21,160.0000,156.0000,97.0000,63.0000,45.0000,111.0000
Del Tejar,13,314.0000,504.0000,263.0000,51.0000,197.0000,307.0000
Ovidio Lagos,15,165.0000,617.0000,50.0000,115.0000,66.0000,551.0000
Luis Viale,11,515.0000,1189.0000,103.0000,412.0000,325.0000,864.0000
Rivadavia,18,null,null,null,null,null,null
Alvear,14,378.0000,1420.0000,148.0000,230.0000,481.0000,939.0000
Zarate,3,10.0000,1.0000,6.0000,4.0000,null,1.0000
Las Heras,22,90.0000,75.0000,64.0000,26.0000,14.0000,61.0000
Congreso,9,1387.0000,1428.0000,722.0000,665.0000,302.0000,1126.0000
Alberdi,12,null,63.0000,null,null,null,63.0000
Amanecer,19,202.0000,483.0000,85.0000,117.0000,null,483.0000
Arroyo Seco,9,9406.0000,12137.0000,5354.0000,4052.0000,6041.0000,6096.0000
Floresta,15,156.0000,394.0000,32.0000,124.0000,134.0000,260.0000
Las Heras,0,164.0000,100.0000,115.0000,49.0000,34.0000,66.0000
Bulnes,16,97.0000,430.0000,44.0000,53.0000,87.0000,343.0000
Bonpland,9,1763.0000,3050.0000,1071.0000,692.0000,1588.0000,1462.0000
Dialogos,19,400.0000,746.0000,251.0000,149.0000,361.0000,385.0000
Maipu,6,337.0000,629.0000,217.0000,120.0000,299.0000,330.0000
Emilio Castro,20,92.0000,148.0000,38.0000,54.0000,39.0000,109.0000
Las Heras,20,126.0000,206.0000,79.0000,47.0000,62.0000,144.0000
Buen Ayre,12,724.0000,1371.0000,413.0000,311.0000,457.0000,914.0000
Anchorena,4,null,null,null,null,null,null
CORS EVENTOS,12,45.0000,1.0000,17.0000,28.0000,null,1.0000
Dialogos,4,2.0000,null,null,2.0000,null,null
Lima,11,3226.0000,5053.0000,1389.0000,1837.0000,1612.0000,3441.0000
Luis Viale,21,172.0000,335.0000,54.0000,118.0000,62.0000,273.0000
Arroyo Seco,19,4349.0000,4389.0000,2094.0000,2255.0000,1824.0000,2565.0000
Ovidio Lagos,13,133.0000,554.0000,44.0000,89.0000,73.0000,481.0000
Alsina,2,197.0000,291.0000,35.0000,162.0000,54.0000,237.0000
Villa Allende,1,1.0000,3.0000,1.0000,null,null,3.0000
Santa Rita,3,101.0000,130.0000,14.0000,87.0000,22.0000,108.0000
Gral Paz Capital,6,2800.0000,2007.0000,1762.0000,1038.0000,null,2007.0000
Villa Allende,21,77.0000,227.0000,40.0000,37.0000,55.0000,172.0000
Zarate Brazo Largo,7,788.0000,821.0000,643.0000,145.0000,32.0000,789.0000
Trelles,7,719.0000,984.0000,478.0000,241.0000,410.0000,574.0000
Disc Panamericana,19,23.0000,18.0000,3.0000,20.0000,null,18.0000
Alberdi,15,null,66.0000,null,null,null,66.0000
Villa Allende,8,2383.0000,3138.0000,1794.0000,589.0000,1462.0000,1676.0000
La Bandera,10,546.0000,2464.0000,402.0000,144.0000,660.0000,1804.0000
Trelles,22,79.0000,93.0000,54.0000,25.0000,23.0000,70.0000
Floresta,7,670.0000,1144.0000,258.0000,412.0000,615.0000,529.0000
Floresta,12,182.0000,477.0000,81.0000,101.0000,161.0000,316.0000
America,2,103.0000,125.0000,31.0000,72.0000,null,125.0000
Lima,2,1156.0000,690.0000,410.0000,746.0000,201.0000,489.0000
Florencio Varela,16,271.0000,859.0000,220.0000,51.0000,506.0000,353.0000
Laferrere,5,315.0000,294.0000,149.0000,166.0000,172.0000,122.0000
America,20,112.0000,276.0000,38.0000,74.0000,null,276.0000
Anchorena,17,null,null,null,null,null,null
Libertador,11,734.0000,1337.0000,345.0000,389.0000,514.0000,823.0000
Alvear,17,716.0000,3080.0000,366.0000,350.0000,1371.0000,1709.0000
Fisherton,10,1143.0000,6865.0000,489.0000,654.0000,50.0000,6815.0000
Zarate,10,845.0000,597.0000,544.0000,301.0000,325.0000,272.0000
Parque Sarmiento,15,378.0000,775.0000,120.0000,258.0000,117.0000,658.0000
Villa Allende,20,187.0000,717.0000,105.0000,82.0000,210.0000,507.0000
Alsina,19,404.0000,598.0000,126.0000,278.0000,239.0000,359.0000
AUBASA LP-BA,19,1560.0000,2439.0000,735.0000,825.0000,949.0000,1490.0000
El Arco,14,146.0000,359.0000,88.0000,58.0000,63.0000,296.0000
Boulevard,0,null,null,null,null,null,null
Buen Ayre,1,230.0000,379.0000,100.0000,130.0000,121.0000,258.0000
El Arco,11,620.0000,2156.0000,387.0000,233.0000,800.0000,1356.0000
Centenera,7,655.0000,571.0000,399.0000,256.0000,360.0000,211.0000
El Arco,18,425.0000,1682.0000,248.0000,177.0000,676.0000,1006.0000
Pilar,9,1643.0000,2536.0000,1073.0000,570.0000,923.0000,1613.0000
Santa Fe,9,605.0000,304.0000,367.0000,238.0000,102.0000,202.0000
El Club,8,2131.0000,4757.0000,1251.0000,880.0000,2632.0000,2125.0000
Bonpland,15,395.0000,1242.0000,168.0000,227.0000,369.0000,873.0000
Arroyo Seco,10,7187.0000,9440.0000,3874.0000,3313.0000,4058.0000,5382.0000
Las Heras,7,1056.0000,702.0000,793.0000,263.0000,334.0000,368.0000
Libertador,0,185.0000,276.0000,56.0000,129.0000,63.0000,213.0000
Fisherton,6,1342.0000,1619.0000,744.0000,598.0000,null,1619.0000
Del Tejar,8,1613.0000,1825.0000,1441.0000,172.0000,1013.0000,812.0000
Libertador,13,233.0000,718.0000,90.0000,143.0000,215.0000,503.0000
America,16,281.0000,800.0000,96.0000,185.0000,null,800.0000
Laferrere,22,61.0000,230.0000,23.0000,38.0000,70.0000,160.0000
Bonpland,21,208.0000,533.0000,123.0000,85.0000,109.0000,424.0000
Parque Sarmiento,22,141.0000,103.0000,130.0000,11.0000,25.0000,78.0000
Alsina,15,382.0000,527.0000,99.0000,283.0000,198.0000,329.0000
Trelles,0,79.0000,183.0000,40.0000,39.0000,43.0000,140.0000
Luis Viale,1,167.0000,264.0000,25.0000,142.0000,29.0000,235.0000
Olivos,3,143.0000,153.0000,124.0000,19.0000,101.0000,52.0000
AUBASA BA-LP,6,3794.0000,3844.0000,2239.0000,1555.0000,2199.0000,1645.0000
Zarate Brazo Largo,5,519.0000,304.0000,405.0000,114.0000,24.0000,280.0000
Alvear,3,269.0000,652.0000,121.0000,148.0000,252.0000,400.0000
Cabildo,16,125.0000,179.0000,48.0000,77.0000,47.0000,132.0000
Maschwitz,22,null,2.0000,null,null,null,2.0000
Luis Viale,4,177.0000,340.0000,41.0000,136.0000,51.0000,289.0000
Disc Panamericana,8,101.0000,50.0000,4.0000,97.0000,null,50.0000
Alvear,21,236.0000,769.0000,77.0000,159.0000,234.0000,535.0000
Gral Paz Capital,16,1077.0000,1811.0000,692.0000,385.0000,null,1811.0000
Florencio Varela,20,119.0000,255.0000,98.0000,21.0000,142.0000,113.0000
Olivos,23,116.0000,235.0000,107.0000,9.0000,61.0000,174.0000
Villa Allende,6,867.0000,1282.0000,667.0000,200.0000,625.0000,657.0000
El Arco,12,265.0000,1025.0000,151.0000,114.0000,344.0000,681.0000
Pilar,16,350.0000,810.0000,158.0000,192.0000,226.0000,584.0000
Garay,22,102.0000,163.0000,39.0000,63.0000,41.0000,122.0000
Bulnes,0,null,null,null,null,null,null
Alvear,16,616.0000,2700.0000,283.0000,333.0000,1028.0000,1672.0000
Gutierrez,12,173.0000,410.0000,75.0000,98.0000,127.0000,283.0000
DISC Echeverria,22,null,31.0000,null,null,null,31.0000
Quilmes,4,203.0000,173.0000,74.0000,129.0000,76.0000,97.0000
Gral Paz Capital,1,567.0000,506.0000,456.0000,111.0000,null,506.0000
Santa Rita,15,152.0000,757.0000,9.0000,143.0000,36.0000,721.0000
Ovidio Lagos,21,36.0000,187.0000,8.0000,28.0000,28.0000,159.0000
Disc Panamericana,3,9.0000,null,3.0000,6.0000,null,null
La Bandera,1,null,null,null,null,null,null
La Carmela,4,330.0000,225.0000,163.0000,167.0000,122.0000,103.0000
Santa Fe,8,717.0000,325.0000,421.0000,296.0000,125.0000,200.0000
Villa Luro,5,1091.0000,1219.0000,553.0000,538.0000,705.0000,514.0000
Congreso,5,567.0000,260.0000,193.0000,374.0000,71.0000,189.0000
Emilio Castro,22,88.0000,33.0000,35.0000,53.0000,7.0000,26.0000
Pilar,12,370.0000,615.0000,238.0000,132.0000,230.0000,385.0000
Garay,16,307.0000,1168.0000,111.0000,196.0000,308.0000,860.0000
Mitre,19,null,null,null,null,null,null
Mitre,10,null,null,null,null,null,null
Libertador,18,663.0000,1831.0000,324.0000,339.0000,882.0000,949.0000
Garay,15,210.0000,806.0000,67.0000,143.0000,206.0000,600.0000
Amanecer,14,146.0000,482.0000,69.0000,77.0000,null,482.0000
Laferrere,23,108.0000,238.0000,40.0000,68.0000,69.0000,169.0000
Garay,23,109.0000,170.0000,54.0000,55.0000,39.0000,131.0000
Pilar,10,1334.0000,2051.0000,873.0000,461.0000,720.0000,1331.0000
Pilar,17,453.0000,993.0000,217.0000,236.0000,292.0000,701.0000
Pilar,15,227.0000,668.0000,114.0000,113.0000,180.0000,488.0000
Centenera,21,32.0000,44.0000,18.0000,14.0000,9.0000,35.0000
Maschwitz,8,null,426.0000,null,null,null,426.0000
Gral Paz Provincia,11,1630.0000,2924.0000,809.0000,821.0000,1121.0000,1803.0000
Alberdi,8,null,194.0000,null,null,null,194.0000
El Arco,2,null,null,null,null,null,null
Anchorena,23,null,null,null,null,null,null
Gral Paz Provincia,15,729.0000,1720.0000,325.0000,404.0000,553.0000,1167.0000
Cabildo,21,78.0000,44.0000,32.0000,46.0000,18.0000,26.0000
Laferrere,13,66.0000,298.0000,33.0000,33.0000,105.0000,193.0000
Dialogos,13,175.0000,339.0000,95.0000,80.0000,167.0000,172.0000
Centenera,3,29.0000,26.0000,22.0000,7.0000,12.0000,14.0000
Santa Rita,18,239.0000,893.0000,32.0000,207.0000,83.0000,810.0000
Buen Ayre,21,160.0000,400.0000,78.0000,82.0000,132.0000,268.0000
Parque Sarmiento,9,1492.0000,1622.0000,1022.0000,470.0000,436.0000,1186.0000
Floresta,21,79.0000,170.0000,20.0000,59.0000,35.0000,135.0000
DISC Echeverria,14,null,14.0000,null,null,null,14.0000
Villa Luro,19,514.0000,1386.0000,259.0000,255.0000,508.0000,878.0000
Rosario Sur,12,null,null,null,null,null,null
AUBASA LP-BA,23,461.0000,403.0000,174.0000,287.0000,102.0000,301.0000
Laferrere,11,291.0000,683.0000,169.0000,122.0000,304.0000,379.0000
La Carmela,13,157.0000,153.0000,71.0000,86.0000,46.0000,107.0000
Rosario Sur,6,null,null,null,null,null,null
Olivos,21,111.0000,223.0000,90.0000,21.0000,78.0000,145.0000
Alberdi,5,null,50.0000,null,null,null,50.0000
Buen Ayre,6,1906.0000,1509.0000,1371.0000,535.0000,846.0000,663.0000
CORS EVENTOS,11,176.0000,null,84.0000,92.0000,null,null
San Isidro,19,319.0000,987.0000,134.0000,185.0000,340.0000,647.0000
Emilio Castro,2,105.0000,53.0000,49.0000,56.0000,15.0000,38.0000
Dialogos,14,278.0000,393.0000,186.0000,92.0000,156.0000,237.0000
El Arco,0,null,null,null,null,null,null
Anchorena,16,null,null,null,null,null,null
Anchorena,0,null,null,null,null,null,null
Dialogos,6,1061.0000,926.0000,653.0000,408.0000,547.0000,379.0000
Libertador,4,337.0000,384.0000,176.0000,161.0000,175.0000,209.0000
Olivos,19,267.0000,641.0000,228.0000,39.0000,230.0000,411.0000
Boulevard,11,535.0000,1936.0000,277.0000,258.0000,533.0000,1403.0000
La Carmela,11,349.0000,427.0000,205.0000,144.0000,136.0000,291.0000
Alvear,10,1116.0000,3808.0000,625.0000,491.0000,1735.0000,2073.0000
Villa Luro,7,2462.0000,2273.0000,1242.0000,1220.0000,1270.0000,1003.0000
Alsina,10,710.0000,1217.0000,286.0000,424.0000,443.0000,774.0000
Rosario Sur,4,null,null,null,null,null,null
Fisherton,11,542.0000,4842.0000,195.0000,347.0000,null,4842.0000
Disc Panamericana,14,16.0000,21.0000,5.0000,11.0000,1.0000,20.0000
Parque Sarmiento,1,136.0000,56.0000,119.0000,17.0000,16.0000,40.0000
Boulevard,10,824.0000,2840.0000,411.0000,413.0000,1030.0000,1810.0000
CORS EVENTOS,14,122.0000,2.0000,34.0000,88.0000,null,2.0000
Villa Allende,11,692.0000,2508.0000,553.0000,139.0000,730.0000,1778.0000
Libertador,20,255.0000,572.0000,82.0000,173.0000,257.0000,315.0000
Parque Sarmiento,0,196.0000,69.0000,161.0000,35.0000,6.0000,63.0000
Villa Luro,8,2541.0000,3568.0000,1381.0000,1160.0000,2068.0000,1500.0000
Villa Allende,23,1.0000,null,null,1.0000,null,null
El Club,14,373.0000,1559.0000,145.0000,228.0000,394.0000,1165.0000
Dialogos,22,101.0000,106.0000,54.0000,47.0000,39.0000,67.0000
Libertador,22,122.0000,199.0000,35.0000,87.0000,60.0000,139.0000
Floresta,16,297.0000,651.0000,122.0000,175.0000,216.0000,435.0000
Centenera,6,537.0000,350.0000,341.0000,196.0000,244.0000,106.0000
Zarate Brazo Largo,9,669.0000,837.0000,539.0000,130.0000,36.0000,801.0000
Fisherton,9,1452.0000,6105.0000,630.0000,822.0000,null,6105.0000
Emilio Castro,3,109.0000,56.0000,44.0000,65.0000,24.0000,32.0000
Pilar,19,366.0000,645.0000,164.0000,202.0000,194.0000,451.0000
Anchorena,20,null,null,null,null,null,null
Villa Allende,3,3.0000,19.0000,3.0000,null,9.0000,10.0000
Boulevard,4,null,null,null,null,null,null
DISC Caraffa,3,null,null,null,null,null,null
Gral Paz Provincia,3,708.0000,601.0000,353.0000,355.0000,249.0000,352.0000
Maipu,9,439.0000,1000.0000,250.0000,189.0000,337.0000,663.0000
AUBASA BA-LP,17,2507.0000,4191.0000,1199.0000,1308.0000,2023.0000,2168.0000
Alsina,1,156.0000,310.0000,26.0000,130.0000,60.0000,250.0000
Laferrere,17,150.0000,536.0000,100.0000,50.0000,256.0000,280.0000
Los Incas,1,81.0000,4.0000,65.0000,16.0000,null,4.0000
AUBASA LP-BA,10,2824.0000,4300.0000,1494.0000,1330.0000,2048.0000,2252.0000
Buen Ayre,5,987.0000,835.0000,555.0000,432.0000,415.0000,420.0000
Olivos,9,1180.0000,1296.0000,1093.0000,87.0000,593.0000,703.0000
AUBASA BA-LP,7,4850.0000,6081.0000,2977.0000,1873.0000,3585.0000,2496.0000
AUBASA BA-LP,10,3863.0000,5966.0000,2056.0000,1807.0000,2896.0000,3070.0000
La Carmela,7,1584.0000,1354.0000,938.0000,646.0000,691.0000,663.0000
Mitre,18,null,null,null,null,null,null
Los Incas,20,112.0000,2.0000,89.0000,23.0000,null,2.0000
Bonpland,23,167.0000,485.0000,77.0000,90.0000,134.0000,351.0000
Quilmes,6,709.0000,746.0000,406.0000,303.0000,415.0000,331.0000
America,3,112.0000,100.0000,42.0000,70.0000,null,100.0000
Fisherton,3,18.0000,59.0000,null,18.0000,null,59.0000
Gral Paz Capital,10,3098.0000,4205.0000,1806.0000,1292.0000,null,4205.0000
Bonpland,10,1114.0000,2963.0000,609.0000,505.0000,1283.0000,1680.0000
Gral Paz Provincia,17,1490.0000,2672.0000,815.0000,675.0000,1200.0000,1472.0000
Del Tejar,0,188.0000,300.0000,114.0000,74.0000,64.0000,236.0000
Zarate,9,1050.0000,638.0000,719.0000,331.0000,379.0000,259.0000
DISC Echeverria,6,null,139.0000,null,null,null,139.0000
Floresta,9,596.0000,790.0000,231.0000,365.0000,298.0000,492.0000
AUBASA BA-LP,16,2104.0000,3332.0000,813.0000,1291.0000,1353.0000,1979.0000
DISC Caraffa,20,10.0000,121.0000,null,10.0000,25.0000,96.0000
Garay,18,452.0000,1190.0000,170.0000,282.0000,277.0000,913.0000
Zarate,22,91.0000,33.0000,47.0000,44.0000,7.0000,26.0000
Laferrere,1,124.0000,199.0000,45.0000,79.0000,68.0000,131.0000
Arroyo Seco,17,6243.0000,7053.0000,2868.0000,3375.0000,2421.0000,4632.0000
Trelles,23,71.0000,96.0000,41.0000,30.0000,18.0000,78.0000
Santa Fe,12,96.0000,50.0000,37.0000,59.0000,12.0000,38.0000
Congreso,10,1059.0000,1337.0000,529.0000,530.0000,279.0000,1058.0000
Maschwitz,18,null,185.0000,null,null,null,185.0000
Las Heras,15,267.0000,306.0000,140.0000,127.0000,105.0000,201.0000
Las Heras,21,83.0000,113.0000,48.0000,35.0000,46.0000,67.0000
Pilar,14,174.0000,413.0000,81.0000,93.0000,90.0000,323.0000
AUBASA LP-BA,18,2201.0000,3876.0000,1119.0000,1082.0000,1874.0000,2002.0000
Boulevard,15,209.0000,1002.0000,101.0000,108.0000,223.0000,779.0000
Quilmes,17,399.0000,1080.0000,218.0000,181.0000,508.0000,572.0000
Del Tejar,16,430.0000,951.0000,321.0000,109.0000,395.0000,556.0000
Trelles,13,168.0000,499.0000,102.0000,66.0000,176.0000,323.0000
DISC Echeverria,8,null,118.0000,null,null,null,118.0000
Congreso,7,1376.0000,853.0000,608.0000,768.0000,213.0000,640.0000
Alsina,3,162.0000,261.0000,20.0000,142.0000,37.0000,224.0000
Parque Sarmiento,5,524.0000,148.0000,478.0000,46.0000,16.0000,132.0000
Rivadavia,7,null,null,null,null,null,null
Luis Viale,17,354.0000,1197.0000,165.0000,189.0000,308.0000,889.0000
Cabildo,8,397.0000,398.0000,291.0000,106.0000,113.0000,285.0000
Libertador,9,1444.0000,2062.0000,745.0000,699.0000,1049.0000,1013.0000
Gral Paz Provincia,20,618.0000,1190.0000,301.0000,317.0000,509.0000,681.0000
Florencio Varela,14,191.0000,568.0000,146.0000,45.0000,236.0000,332.0000
Amanecer,1,91.0000,123.0000,38.0000,53.0000,null,123.0000
Alberdi,7,null,200.0000,null,null,null,200.0000
Buen Ayre,4,305.0000,277.0000,169.0000,136.0000,103.0000,174.0000
Boulevard,20,95.0000,249.0000,51.0000,44.0000,57.0000,192.0000
Congreso,4,204.0000,129.0000,69.0000,135.0000,40.0000,89.0000
Libertador,3,121.0000,174.0000,47.0000,74.0000,77.0000,97.0000
Las Heras,11,471.0000,603.0000,275.0000,196.0000,191.0000,412.0000
Libertador,23,140.0000,226.0000,43.0000,97.0000,47.0000,179.0000
Alsina,20,341.0000,404.0000,74.0000,267.0000,132.0000,272.0000
Emilio Castro,23,86.0000,43.0000,29.0000,57.0000,14.0000,29.0000
El Arco,15,175.0000,538.0000,76.0000,99.0000,100.0000,438.0000
Rivadavia,12,null,null,null,null,null,null
Florencio Varela,12,226.0000,715.0000,89.0000,137.0000,344.0000,371.0000
Bonpland,0,204.0000,426.0000,89.0000,115.0000,110.0000,316.0000
DISC Echeverria,1,null,50.0000,null,null,null,50.0000
Anchorena,1,null,null,null,null,null,null
CORS EVENTOS,16,400.0000,6.0000,161.0000,239.0000,null,6.0000
Florencio Varela,8,1668.0000,2710.0000,904.0000,764.0000,1615.0000,1095.0000
Gral Paz Provincia,5,2326.0000,1722.0000,1225.0000,1101.0000,819.0000,903.0000
Alvear,5,738.0000,1258.0000,406.0000,332.0000,616.0000,642.0000
Garay,8,1061.0000,1932.0000,629.0000,432.0000,693.0000,1239.0000
Maschwitz,1,null,57.0000,null,null,null,57.0000
Rivadavia,14,null,null,null,null,null,null
Ovidio Lagos,4,34.0000,110.0000,11.0000,23.0000,31.0000,79.0000
Villa Luro,1,205.0000,406.0000,77.0000,128.0000,114.0000,292.0000
Laferrere,12,134.0000,462.0000,68.0000,66.0000,172.0000,290.0000
Ovidio Lagos,18,267.0000,988.0000,74.0000,193.0000,146.0000,842.0000
Ovidio Lagos,7,584.0000,1119.0000,145.0000,439.0000,266.0000,853.0000
CORS EVENTOS,8,306.0000,1.0000,144.0000,162.0000,null,1.0000
DISC Caraffa,5,1.0000,1.0000,1.0000,null,null,1.0000
CORS EVENTOS,21,null,null,null,null,null,null
Pilar,18,531.0000,1003.0000,267.0000,264.0000,339.0000,664.0000
El Club,21,213.0000,583.0000,95.0000,118.0000,204.0000,379.0000
America,22,74.0000,136.0000,28.0000,46.0000,null,136.0000
Florencio Varela,10,749.0000,2015.0000,355.0000,394.0000,1136.0000,879.0000
DISC Echeverria,5,null,192.0000,null,null,null,192.0000
Rivadavia,9,null,null,null,null,null,null
Santa Rita,9,462.0000,1162.0000,71.0000,391.0000,167.0000,995.0000
Trelles,12,194.0000,541.0000,117.0000,77.0000,196.0000,345.0000
Arroyo Seco,16,5178.0000,5652.0000,2176.0000,3002.0000,1539.0000,4113.0000
Cabildo,17,152.0000,168.0000,62.0000,90.0000,69.0000,99.0000
Emilio Castro,10,590.0000,525.0000,274.0000,316.0000,203.0000,322.0000
Luis Viale,16,341.0000,1187.0000,149.0000,192.0000,241.0000,946.0000
Centenera,9,617.0000,1211.0000,390.0000,227.0000,448.0000,763.0000
El Club,2,229.0000,420.0000,72.0000,157.0000,111.0000,309.0000
DISC Echeverria,3,null,32.0000,null,null,null,32.0000
Floresta,3,91.0000,133.0000,17.0000,74.0000,41.0000,92.0000
Pilar,8,2203.0000,2318.0000,1400.0000,803.0000,976.0000,1342.0000
Gral Paz Capital,11,1842.0000,2854.0000,1068.0000,774.0000,null,2854.0000
El Club,9,1833.0000,4919.0000,1051.0000,782.0000,2663.0000,2256.0000
El Arco,5,3.0000,1.0000,3.0000,null,1.0000,null
Arroyo Seco,0,1209.0000,764.0000,561.0000,648.0000,372.0000,392.0000
Santa Fe,3,null,null,null,null,null,null
Maschwitz,21,null,25.0000,null,null,null,25.0000
Garay,5,295.0000,305.0000,125.0000,170.0000,87.0000,218.0000
Trelles,16,263.0000,558.0000,120.0000,143.0000,220.0000,338.0000
Gral Paz Provincia,8,4353.0000,4823.0000,2666.0000,1687.0000,2690.0000,2133.0000
Zarate Brazo Largo,4,195.0000,149.0000,155.0000,40.0000,2.0000,147.0000
Fisherton,4,12.0000,94.0000,null,12.0000,null,94.0000
El Club,11,924.0000,3280.0000,502.0000,422.0000,1359.0000,1921.0000
Congreso,17,602.0000,1194.0000,244.0000,358.0000,196.0000,998.0000
Laferrere,15,78.0000,325.0000,49.0000,29.0000,113.0000,212.0000
Zarate,19,314.0000,178.0000,236.0000,78.0000,86.0000,92.0000
Garay,11,637.0000,1483.0000,335.0000,302.0000,520.0000,963.0000
Cabildo,5,84.0000,55.0000,50.0000,34.0000,32.0000,23.0000
Las Heras,10,799.0000,652.0000,530.0000,269.0000,260.0000,392.0000
Rosario Sur,3,null,null,null,null,null,null
Buen Ayre,23,237.0000,353.0000,96.0000,141.0000,83.0000,270.0000
CORS EVENTOS,10,367.0000,6.0000,166.0000,201.0000,null,6.0000
Centenera,8,686.0000,805.0000,410.0000,276.0000,496.0000,309.0000
El Club,10,1363.0000,4773.0000,779.0000,584.0000,2233.0000,2540.0000
San Isidro,1,185.0000,221.0000,67.0000,118.0000,62.0000,159.0000
San Isidro,0,183.0000,286.0000,84.0000,99.0000,78.0000,208.0000
Emilio Castro,21,62.0000,72.0000,16.0000,46.0000,20.0000,52.0000
Los Incas,15,186.0000,4.0000,125.0000,61.0000,null,4.0000
Libertador,2,177.0000,222.0000,41.0000,136.0000,90.0000,132.0000
Las Heras,16,432.0000,441.0000,252.0000,180.0000,155.0000,286.0000
Alberdi,11,null,99.0000,null,null,null,99.0000
Ovidio Lagos,11,387.0000,1324.0000,99.0000,288.0000,178.0000,1146.0000
Del Tejar,9,1678.0000,1935.0000,1446.0000,232.0000,971.0000,964.0000
Anchorena,13,null,null,null,null,null,null
Florencio Varela,1,78.0000,184.0000,13.0000,65.0000,41.0000,143.0000
Buen Ayre,8,3265.0000,4592.0000,2311.0000,954.0000,2666.0000,1926.0000
Bulnes,17,118.0000,534.0000,59.0000,59.0000,155.0000,379.0000
Lima,21,1128.0000,1041.0000,438.0000,690.0000,322.0000,719.0000
Centenera,23,29.0000,36.0000,17.0000,12.0000,23.0000,13.0000
Rosario Sur,0,null,null,null,null,null,null
Bulnes,15,93.0000,276.0000,48.0000,45.0000,57.0000,219.0000
Parque Sarmiento,11,643.0000,1201.0000,447.0000,196.0000,249.0000,952.0000
Mitre,13,null,null,null,null,null,null
El Arco,3,null,null,null,null,null,null
Rosario Sur,7,null,null,null,null,null,null
Villa Allende,19,385.0000,1332.0000,240.0000,145.0000,455.0000,877.0000
Alberdi,18,null,87.0000,null,null,null,87.0000
Zarate,12,338.0000,289.0000,184.0000,154.0000,138.0000,151.0000
DISC Echeverria,15,null,14.0000,null,null,null,14.0000
Del Tejar,10,1147.0000,1604.0000,1014.0000,133.0000,705.0000,899.0000
Gutierrez,7,814.0000,960.0000,391.0000,423.0000,460.0000,500.0000
AUBASA LP-BA,8,4722.0000,4100.0000,2725.0000,1997.0000,2169.0000,1931.0000
Lima,22,1044.0000,780.0000,393.0000,651.0000,190.0000,590.0000
Gutierrez,20,122.0000,214.0000,49.0000,73.0000,62.0000,152.0000
Santa Rita,14,159.0000,533.0000,15.0000,144.0000,24.0000,509.0000
Zarate Brazo Largo,15,241.0000,262.0000,179.0000,62.0000,21.0000,241.0000
Dialogos,7,1605.0000,1535.0000,1030.0000,575.0000,848.0000,687.0000
Alberdi,6,null,204.0000,null,null,null,204.0000
Rivadavia,20,null,null,null,null,null,null
America,0,105.0000,168.0000,30.0000,75.0000,null,168.0000
CORS EVENTOS,13,43.0000,null,16.0000,27.0000,null,null
Disc Panamericana,1,5.0000,null,1.0000,4.0000,null,null
Villa Allende,4,4.0000,4.0000,2.0000,2.0000,1.0000,3.0000
DISC Caraffa,1,null,1.0000,null,null,null,1.0000
CORS EVENTOS,18,6.0000,null,4.0000,2.0000,null,null
Gutierrez,13,127.0000,363.0000,51.0000,76.0000,125.0000,238.0000
Lima,18,4833.0000,5190.0000,2111.0000,2722.0000,1701.0000,3489.0000
Alsina,13,206.0000,504.0000,63.0000,143.0000,169.0000,335.0000
Alvear,6,1707.0000,3621.0000,1101.0000,606.0000,1983.0000,1638.0000
Cabildo,22,44.0000,26.0000,29.0000,15.0000,5.0000,21.0000
Villa Luro,18,680.0000,2101.0000,313.0000,367.0000,833.0000,1268.0000
Los Incas,21,66.0000,2.0000,50.0000,16.0000,null,2.0000
Zarate Brazo Largo,12,153.0000,282.0000,118.0000,35.0000,4.0000,278.0000
Floresta,23,91.0000,102.0000,18.0000,73.0000,22.0000,80.0000
Gutierrez,4,265.0000,219.0000,166.0000,99.0000,104.0000,115.0000
El Arco,7,1713.0000,1668.0000,995.0000,718.0000,864.0000,804.0000
Dialogos,5,21.0000,35.0000,13.0000,8.0000,11.0000,24.0000
Ovidio Lagos,3,34.0000,112.0000,6.0000,28.0000,33.0000,79.0000
La Bandera,7,731.0000,1853.0000,573.0000,158.0000,748.0000,1105.0000
DISC Echeverria,21,null,40.0000,null,null,null,40.0000
Garay,14,131.0000,689.0000,45.0000,86.0000,166.0000,523.0000
DISC Caraffa,22,1.0000,20.0000,null,1.0000,3.0000,17.0000
Floresta,14,101.0000,377.0000,24.0000,77.0000,125.0000,252.0000
Quilmes,5,362.0000,316.0000,210.0000,152.0000,204.0000,112.0000
Villa Allende,10,1333.0000,3167.0000,996.0000,337.0000,1198.0000,1969.0000
Amanecer,9,1243.0000,1324.0000,605.0000,638.0000,null,1324.0000
Villa Luro,17,770.0000,2252.0000,369.0000,401.0000,822.0000,1430.0000
Boulevard,18,387.0000,1426.0000,232.0000,155.0000,556.0000,870.0000
Villa Allende,18,412.0000,1552.0000,251.0000,161.0000,526.0000,1026.0000
Bulnes,9,483.0000,1053.0000,293.0000,190.0000,489.0000,564.0000
Amanecer,4,198.0000,187.0000,60.0000,138.0000,null,187.0000
Mitre,21,null,null,null,null,null,null
Ovidio Lagos,5,62.0000,187.0000,15.0000,47.0000,62.0000,125.0000
Congreso,19,296.0000,505.0000,117.0000,179.0000,84.0000,421.0000
Garay,19,322.0000,935.0000,110.0000,212.0000,198.0000,737.0000
Anchorena,14,null,null,null,null,null,null
Zarate Brazo Largo,1,129.0000,98.0000,97.0000,32.0000,2.0000,96.0000
Bonpland,2,250.0000,386.0000,154.0000,96.0000,139.0000,247.0000
AUBASA LP-BA,11,1966.0000,3169.0000,871.0000,1095.0000,1228.0000,1941.0000
Lima,12,1848.0000,2650.0000,670.0000,1178.0000,641.0000,2009.0000
Gral Paz Provincia,19,1223.0000,2340.0000,677.0000,546.0000,1145.0000,1195.0000
Cabildo,14,67.0000,173.0000,23.0000,44.0000,43.0000,130.0000
Bulnes,11,243.0000,1045.0000,146.0000,97.0000,319.0000,726.0000
Las Heras,6,1052.0000,911.0000,840.0000,212.0000,412.0000,499.0000
Amanecer,22,86.0000,176.0000,27.0000,59.0000,null,176.0000
Rosario Sur,21,null,null,null,null,null,null
Zarate Brazo Largo,0,116.0000,95.0000,98.0000,18.0000,null,95.0000
Trelles,2,107.0000,110.0000,62.0000,45.0000,20.0000,90.0000
Florencio Varela,5,226.0000,305.0000,36.0000,190.0000,82.0000,223.0000
Los Incas,4,62.0000,1.0000,48.0000,14.0000,null,1.0000
AUBASA BA-LP,23,474.0000,589.0000,141.0000,333.0000,139.0000,450.0000
Congreso,2,161.0000,128.0000,56.0000,105.0000,39.0000,89.0000
Las Heras,18,411.0000,474.0000,246.0000,165.0000,139.0000,335.0000
Pilar,0,170.0000,190.0000,54.0000,116.0000,68.0000,122.0000
Buen Ayre,9,3049.0000,4688.0000,2076.0000,973.0000,2704.0000,1984.0000
Florencio Varela,7,1440.0000,2155.0000,750.0000,690.0000,1439.0000,716.0000
Zarate,4,1.0000,1.0000,1.0000,null,1.0000,null
America,23,98.0000,155.0000,31.0000,67.0000,null,155.0000
Florencio Varela,21,71.0000,130.0000,55.0000,16.0000,61.0000,69.0000
Del Tejar,4,173.0000,88.0000,113.0000,60.0000,35.0000,53.0000
Gral Paz Provincia,10,2735.0000,4346.0000,1548.0000,1187.0000,2007.0000,2339.0000
La Bandera,21,15.0000,123.0000,9.0000,6.0000,12.0000,111.0000
Fisherton,5,25.0000,103.0000,null,25.0000,null,103.0000
Santa Fe,0,null,null,null,null,null,null
Centenera,18,166.0000,279.0000,84.0000,82.0000,138.0000,141.0000
Emilio Castro,0,121.0000,48.0000,54.0000,67.0000,10.0000,38.0000
Pilar,7,1873.0000,1474.0000,1238.0000,635.0000,692.0000,782.0000
Libertador,16,520.0000,1421.0000,229.0000,291.0000,515.0000,906.0000
Dialogos,1,63.0000,42.0000,39.0000,24.0000,6.0000,36.0000
Lima,4,1354.0000,835.0000,605.0000,749.0000,308.0000,527.0000
Olivos,10,717.0000,1340.0000,673.0000,44.0000,561.0000,779.0000
Parque Sarmiento,18,611.0000,987.0000,168.0000,443.0000,211.0000,776.0000
La Carmela,6,1435.0000,1440.0000,858.0000,577.0000,677.0000,763.0000
Centenera,22,25.0000,31.0000,11.0000,14.0000,15.0000,16.0000
El Arco,23,null,null,null,null,null,null
Arroyo Seco,1,1281.0000,712.0000,578.0000,703.0000,288.0000,424.0000
Florencio Varela,4,56.0000,102.0000,4.0000,52.0000,28.0000,74.0000
Villa Allende,9,1844.0000,3574.0000,1404.0000,440.0000,1496.0000,2078.0000
Congreso,18,577.0000,937.0000,224.0000,353.0000,165.0000,772.0000
Gral Paz Capital,2,605.0000,385.0000,490.0000,115.0000,null,385.0000
Villa Allende,15,181.0000,728.0000,85.0000,96.0000,127.0000,601.0000
Floresta,8,769.0000,945.0000,324.0000,445.0000,447.0000,498.0000
Anchorena,15,null,null,null,null,null,null
Mitre,14,null,null,null,null,null,null
Disc Panamericana,5,20.0000,null,3.0000,17.0000,null,null
DISC Caraffa,0,3.0000,1.0000,null,3.0000,null,1.0000
Mitre,4,null,null,null,null,null,null
Santa Fe,19,114.0000,58.0000,52.0000,62.0000,23.0000,35.0000
Del Tejar,15,303.0000,925.0000,209.0000,94.0000,309.0000,616.0000
Lima,16,4007.0000,4356.0000,1397.0000,2610.0000,941.0000,3415.0000
Villa Allende,17,428.0000,1596.0000,245.0000,183.0000,436.0000,1160.0000
Trelles,3,197.0000,127.0000,97.0000,100.0000,28.0000,99.0000
Los Incas,3,70.0000,4.0000,51.0000,19.0000,null,4.0000
Maipu,16,215.0000,729.0000,92.0000,123.0000,137.0000,592.0000
San Isidro,9,1679.0000,2311.0000,885.0000,794.0000,1027.0000,1284.0000
Alvear,7,1990.0000,4046.0000,1262.0000,728.0000,2285.0000,1761.0000
DISC Caraffa,8,171.0000,504.0000,13.0000,158.0000,202.0000,302.0000
Mitre,17,null,null,null,null,null,null
Pilar,2,141.0000,138.0000,49.0000,92.0000,73.0000,65.0000
Buen Ayre,15,760.0000,1667.0000,353.0000,407.0000,471.0000,1196.0000
La Carmela,9,1160.0000,1044.0000,668.0000,492.0000,462.0000,582.0000
Trelles,15,160.0000,439.0000,71.0000,89.0000,180.0000,259.0000
Arroyo Seco,12,2461.0000,3321.0000,1075.0000,1386.0000,924.0000,2397.0000
Disc Panamericana,22,2.0000,null,1.0000,1.0000,null,null
Quilmes,7,1279.0000,1994.0000,711.0000,568.0000,968.0000,1026.0000
AUBASA BA-LP,0,598.0000,614.0000,195.0000,403.0000,152.0000,462.0000
Garay,2,128.0000,144.0000,51.0000,77.0000,36.0000,108.0000
Zarate,1,117.0000,38.0000,76.0000,41.0000,4.0000,34.0000
Trelles,14,135.0000,364.0000,59.0000,76.0000,143.0000,221.0000
Fisherton,17,451.0000,3372.0000,66.0000,385.0000,null,3372.0000
El Club,17,926.0000,4038.0000,551.0000,375.0000,1885.0000,2153.0000
Maschwitz,6,null,264.0000,null,null,null,264.0000
Laferrere,0,112.0000,244.0000,35.0000,77.0000,66.0000,178.0000
Maipu,8,571.0000,1073.0000,335.0000,236.0000,443.0000,630.0000
AUBASA BA-LP,15,1499.0000,2404.0000,488.0000,1011.0000,840.0000,1564.0000
Maschwitz,23,null,4.0000,null,null,null,4.0000
Disc Panamericana,0,9.0000,null,2.0000,7.0000,null,null
Santa Rita,20,115.0000,355.0000,19.0000,96.0000,28.0000,327.0000
DISC Echeverria,7,null,90.0000,null,null,null,90.0000
Zarate Brazo Largo,17,374.0000,307.0000,276.0000,98.0000,36.0000,271.0000
Santa Rita,1,109.0000,138.0000,9.0000,100.0000,7.0000,131.0000
San Isidro,4,424.0000,215.0000,275.0000,149.0000,112.0000,103.0000
Arroyo Seco,6,4624.0000,4287.0000,2530.0000,2094.0000,2281.0000,2006.0000
Maschwitz,9,null,334.0000,null,null,null,334.0000
Pilar,13,228.0000,342.0000,148.0000,80.0000,118.0000,224.0000
Parque Sarmiento,21,217.0000,210.0000,81.0000,136.0000,26.0000,184.0000
Parque Sarmiento,7,1377.0000,1365.0000,906.0000,471.0000,390.0000,975.0000
Fisherton,19,366.0000,2322.0000,46.0000,320.0000,null,2322.0000
America,12,214.0000,599.0000,99.0000,115.0000,null,599.0000
Rosario Sur,23,null,null,null,null,null,null
Alberdi,23,null,28.0000,null,null,null,28.0000
Congreso,13,304.0000,520.0000,161.0000,143.0000,96.0000,424.0000
Bulnes,22,null,5.0000,null,null,2.0000,3.0000
Santa Fe,23,null,null,null,null,null,null
Boulevard,8,1316.0000,2301.0000,772.0000,544.0000,980.0000,1321.0000
Los Incas,12,289.0000,7.0000,240.0000,49.0000,null,7.0000
Lima,9,5532.0000,9009.0000,2869.0000,2663.0000,4238.0000,4771.0000
Congreso,20,172.0000,194.0000,75.0000,97.0000,19.0000,175.0000
Disc Panamericana,15,32.0000,34.0000,2.0000,30.0000,1.0000,33.0000
Zarate Brazo Largo,18,424.0000,349.0000,310.0000,114.0000,32.0000,317.0000
Quilmes,13,160.0000,435.0000,79.0000,81.0000,171.0000,264.0000
La Bandera,11,357.0000,2092.0000,275.0000,82.0000,423.0000,1669.0000
Santa Rita,6,492.0000,976.0000,68.0000,424.0000,195.0000,781.0000
Amanecer,5,453.0000,315.0000,265.0000,188.0000,null,315.0000
Centenera,1,35.0000,36.0000,20.0000,15.0000,14.0000,22.0000
Congreso,3,170.0000,117.0000,72.0000,98.0000,29.0000,88.0000
Libertador,6,773.0000,1103.0000,419.0000,354.0000,670.0000,433.0000
DISC Caraffa,11,79.0000,508.0000,4.0000,75.0000,144.0000,364.0000
Floresta,1,147.0000,137.0000,32.0000,115.0000,25.0000,112.0000
El Club,4,175.0000,217.0000,92.0000,83.0000,91.0000,126.0000
Trelles,9,768.0000,944.0000,421.0000,347.0000,385.0000,559.0000
Lima,15,2733.0000,3129.0000,763.0000,1970.0000,603.0000,2526.0000
Gral Paz Provincia,12,878.0000,1645.0000,402.0000,476.0000,600.0000,1045.0000
Ovidio Lagos,20,94.0000,371.0000,31.0000,63.0000,42.0000,329.0000
Arroyo Seco,15,3685.0000,4137.0000,1404.0000,2281.0000,877.0000,3260.0000
Garay,6,768.0000,738.0000,473.0000,295.0000,347.0000,391.0000
Los Incas,19,200.0000,10.0000,151.0000,49.0000,null,10.0000
Floresta,4,132.0000,148.0000,24.0000,108.0000,53.0000,95.0000
Gutierrez,10,471.0000,853.0000,211.0000,260.0000,385.0000,468.0000
Bonpland,8,2189.0000,3369.0000,1342.0000,847.0000,1851.0000,1518.0000
Maipu,22,92.0000,153.0000,64.0000,28.0000,24.0000,129.0000
DISC Caraffa,16,35.0000,257.0000,5.0000,30.0000,46.0000,211.0000
Dialogos,10,962.0000,1708.0000,637.0000,325.0000,991.0000,717.0000
Congreso,12,365.0000,691.0000,186.0000,179.0000,107.0000,584.0000
Zarate Brazo Largo,2,104.0000,101.0000,77.0000,27.0000,4.0000,97.0000
Trelles,20,94.0000,156.0000,50.0000,44.0000,59.0000,97.0000
Rivadavia,13,null,null,null,null,null,null
DISC Caraffa,4,1.0000,null,null,1.0000,null,null
Garay,9,952.0000,1959.0000,512.0000,440.0000,776.0000,1183.0000
San Isidro,10,1186.0000,2210.0000,611.0000,575.0000,894.0000,1316.0000
AUBASA LP-BA,9,3699.0000,4550.0000,2056.0000,1643.0000,2330.0000,2220.0000
Fisherton,22,24.0000,93.0000,null,24.0000,null,93.0000
Quilmes,19,236.0000,503.0000,122.0000,114.0000,233.0000,270.0000
Quilmes,10,848.0000,1676.0000,411.0000,437.0000,797.0000,879.0000
AUBASA LP-BA,3,579.0000,279.0000,216.0000,363.0000,66.0000,213.0000
Anchorena,2,null,null,null,null,null,null
Luis Viale,3,142.0000,223.0000,34.0000,108.0000,33.0000,190.0000
America,4,143.0000,110.0000,44.0000,99.0000,null,110.0000
Congreso,15,380.0000,751.0000,129.0000,251.0000,102.0000,649.0000
Dialogos,15,291.0000,543.0000,165.0000,126.0000,232.0000,311.0000
San Isidro,7,1931.0000,1853.0000,1127.0000,804.0000,864.0000,989.0000
AUBASA LP-BA,22,431.0000,446.0000,171.0000,260.0000,105.0000,341.0000
Los Incas,2,64.0000,4.0000,47.0000,17.0000,null,4.0000
Los Incas,6,575.0000,8.0000,475.0000,100.0000,null,8.0000
Quilmes,15,206.0000,612.0000,96.0000,110.0000,194.0000,418.0000
Maschwitz,16,null,116.0000,null,null,null,116.0000
Cabildo,9,398.0000,280.0000,286.0000,112.0000,122.0000,158.0000
Florencio Varela,15,168.0000,566.0000,135.0000,33.0000,313.0000,253.0000
Zarate Brazo Largo,21,156.0000,107.0000,130.0000,26.0000,8.0000,99.0000
Alvear,23,217.0000,776.0000,75.0000,142.0000,197.0000,579.0000
Buen Ayre,20,345.0000,758.0000,207.0000,138.0000,276.0000,482.0000
San Isidro,23,117.0000,158.0000,35.0000,82.0000,23.0000,135.0000
Anchorena,5,null,null,null,null,null,null
Floresta,5,325.0000,1070.0000,94.0000,231.0000,401.0000,669.0000
La Carmela,23,117.0000,102.0000,46.0000,71.0000,35.0000,67.0000
Villa Luro,16,586.0000,1809.0000,287.0000,299.0000,619.0000,1190.0000
Alvear,20,296.0000,1114.0000,110.0000,186.0000,444.0000,670.0000
Arroyo Seco,4,975.0000,505.0000,541.0000,434.0000,217.0000,288.0000
Maschwitz,3,null,75.0000,null,null,null,75.0000
San Isidro,2,160.0000,183.0000,63.0000,97.0000,56.0000,127.0000
Del Tejar,12,481.0000,821.0000,415.0000,66.0000,345.0000,476.0000
Florencio Varela,22,68.0000,121.0000,23.0000,45.0000,13.0000,108.0000
Maschwitz,10,null,276.0000,null,null,null,276.0000
Villa Luro,3,218.0000,255.0000,81.0000,137.0000,111.0000,144.0000
Arroyo Seco,23,1023.0000,628.0000,432.0000,591.0000,280.0000,348.0000
Dialogos,23,118.0000,106.0000,60.0000,58.0000,29.0000,77.0000
Quilmes,0,131.0000,191.0000,49.0000,82.0000,32.0000,159.0000
Quilmes,1,161.0000,158.0000,59.0000,102.0000,49.0000,109.0000
Santa Fe,18,130.0000,85.0000,47.0000,83.0000,26.0000,59.0000
Del Tejar,14,262.0000,616.0000,186.0000,76.0000,200.0000,416.0000
Villa Luro,4,369.0000,470.0000,185.0000,184.0000,219.0000,251.0000
DISC Echeverria,12,null,30.0000,null,null,null,30.0000
Buen Ayre,3,216.0000,216.0000,89.0000,127.0000,99.0000,117.0000
Quilmes,12,242.0000,723.0000,97.0000,145.0000,294.0000,429.0000
Alvear,2,260.0000,741.0000,114.0000,146.0000,260.0000,481.0000
Amanecer,17,307.0000,769.0000,139.0000,168.0000,null,769.0000
Anchorena,21,null,null,null,null,null,null
San Isidro,8,2053.0000,2161.0000,1193.0000,860.0000,1107.0000,1054.0000
Gutierrez,5,313.0000,335.0000,170.0000,143.0000,191.0000,144.0000
Alsina,17,826.0000,1446.0000,227.0000,599.0000,298.0000,1148.0000
Bulnes,14,63.0000,256.0000,43.0000,20.0000,58.0000,198.0000
Parque Sarmiento,4,287.0000,45.0000,274.0000,13.0000,7.0000,38.0000
Anchorena,18,null,null,null,null,null,null
Boulevard,3,null,null,null,null,null,null
Disc Panamericana,4,6.0000,null,3.0000,3.0000,null,null
Alberdi,4,null,25.0000,null,null,null,25.0000
